Date;house_price;FTEE;CtE;Yearwage;population;EHW;SandP500;SandP500wu;Wiwu;u;ln_stock;u_transformed
1929Q4;5.966027322;34654.28125;49.978125;1.44218435374988;122.2875024625;505.878862805183;23.3233333333333;16172.22740816;120.670624303247;2.09333333333333;9.69105069250696;0.759913233884787
1930Q1;5.9018925285;34131.78125;48.928125;1.43349410445976;122.67499915625;505.069856026282;22.9066666666666;15979.6029822525;119.610486098413;2.98666666666666;9.67906837434658;1.12447969820512
1930Q2;5.837757735;33548.46875;47.696875;1.42171215777229;122.97499839375;504.953301665237;23.64;16627.8383924366;122.972883351067;3.58666666666666;9.71883358132341;1.31374894741498
1930Q3;5.7736229415;32904.34375;46.284375;1.4066086035207;123.24999801875;505.896959765334;20.8766666666666;14841.8448560694;113.753943442594;6.48333333333333;9.60520582544144;1.93626529385557
1930Q4;5.709488148;32199.40625;44.690625;1.38789402673314;123.49999803125;508.051595767134;16.6833333333333;12020.6103722508;99.2393043096679;10.56;9.39437798652132;2.46867545485942
1931Q1;5.593150615;31340.53125;42.7125;1.36280188556584;123.67812418125;507.594231893206;16.9033333333333;12403.3680260979;101.196576701588;11.5433333333333;9.42572332972035;2.56876546581886
1931Q2;5.47681308199999;30551.21875;40.8375;1.33663540414542;123.89687466875;507.66276420649;14.6866666666666;10987.7881590729;93.8405162793081;12.42;9.30453976773125;2.65192560112017
1931Q3;5.360475549;29738.34375;38.8625;1.30674909417027;124.10937524375;509.114775257002;13.3533333333333;10218.7431335563;89.9464625455738;14.8933333333333;9.23197887513387;2.86217849980123
1931Q4;5.244138016;28901.90625;36.7874999999999;1.27270230622256;124.31562590625;512.239426777464;9.69333333333333;7616.33988242199;76.639877944605;17.9333333333333;8.93805120289428;3.08429943940547
1932Q1;5.10691938774999;27372.0625;33.2375;1.21414358214357;124.5000030625;523.670749296627;8.26333333333333;6805.89466918272;73.2520474538963;18.8266666666666;8.82554437877047;3.14385770449975
1932Q2;4.9697007595;26756.4375;31.5125;1.17770701830662;124.7000033375;526.210417075633;5.51999999999999;4687.07404659691;62.4177981968722;22.3633333333333;8.45256379609041;3.36055307471157
1932Q3;4.83248213125;26385.1875;30.2375;1.145982552263;124.9000031375;526.689548774664;6.93333333333333;6050.12119917699;69.5402846121286;24.8033333333333;8.70783358374605;3.49604133499693
1932Q4;4.69526350299999;26258.3125;29.4125;1.1201271038257;125.1000024625;524.384664723536;6.99666666666666;6246.31494298293;70.3938489630229;24.8966666666666;8.7397469597199;3.50103916863977
1933Q1;4.650518298;26556.28125;29.19375;1.09932934804575;125.299998921875;530.059475589757;6.52333333333333;5933.9208444946;69.1796884765113;24.37;8.68844046144508;3.47267002375727
1933Q2;4.605773093;26845.96875;29.20625;1.08792718330338;125.499998253125;531.308091200256;8.71666666666666;8012.17838881403;80.0769026156115;25.3733333333333;8.98871796174179;3.52637103439288
1933Q3;4.561027888;27307.84375;29.60625;1.08416651339041;125.699998065625;528.812861878541;10.8266666666666;9986.16590066908;90.1612325972977;22.59;9.20895600424812;3.37356154525138
1933Q4;4.516282683;27941.90625;30.39375;1.08770498787134;125.899998359375;522.75202258007;9.76666666666666;8979.15039056704;84.4865532634877;21.2066666666666;9.10266054552488;3.29265739272499
1934Q1;4.54909583325;29470.6562499999;32.7875;1.11249965551992;126.100001540625;515.632511646206;10.8666666666666;9767.79328672073;88.0727556829685;17.8366666666666;9.18684585327349;3.07771731360278
1934Q2;4.5819089835;30160.0937499999;33.8625;1.12274218242157;126.300001834375;515.430097916905;10.2233333333333;9105.682046508;84.6151427212338;17.0966666666666;9.11665389836309;3.02637842830101
1934Q3;4.61472213375;30732.7187499999;34.8374999999999;1.13355008734618;126.500001646875;514.985940220714;9.15;8071.9856159348;79.2078086808186;20.19;8.99615478006144;3.23070880842492
1934Q4;4.647535284;31188.5312499999;35.7125;1.14504905981733;126.700000978125;514.25108817836;9.13666666666666;7979.27965472871;78.6726078798847;21.13;8.98460341753839;3.28806309020616
1935Q1;4.761002926;30957.5312499999;35.8625;1.15843838946815;126.899997421875;521.539396939634;8.88333333333333;7668.36925821472;77.582818541452;17.64;8.94485925874614;3.06423935440715
1935Q2;4.87447056799999;31407.71875;36.7875;1.17127302709239;127.099996753125;528.950278061114;9.63666666666666;8227.51522810106;81.026184289944;17.82;9.01523933169406;3.07657964457549
1935Q3;4.98793821;31969.09375;37.8625;1.18432824250451;127.299996565625;536.138964025534;11.21;9465.28132799916;87.9823100046418;17.9666666666666;9.15538578618101;3.08656270650603
1935Q4;5.101405852;32641.65625;39.0875;1.19745155809258;127.499996859375;543.177906206465;12.6666666666666;10578.0201136849;94.2774672098888;16.8966666666666;9.26653355308799;3.01220173643283
1936Q1;5.14245433275;33996.5;40.9;1.20304149834591;127.699998853125;545.859318483463;14.39;11961.3496456981;101.664646883985;14.9733333333333;9.3894358677682;2.86847609441126
1936Q2;5.1835028135;34663;42.25;1.21885656869889;127.899999621875;543.927829501996;14.5533333333333;11940.1525225144;101.414775190069;15.03;9.38766216094494;2.87292013673752
1936Q3;5.22455129425;35212.25;43.575;1.23747480506146;128.100000384375;540.831231524243;15.8266666666666;12789.4859773574;105.607425121461;13.6733333333333;9.45637870434834;2.76247909999163
1936Q4;5.265599775;35644.25;44.875;1.258933783514;128.300001140625;536.62588611521;17.1033333333333;13585.5702319733;109.443016772391;13.2766666666666;9.51676349609717;2.72845531967653
1937Q1;5.29934425575;36127.59375;47.353125;1.31069753677726;128.46875234375;519.418191972933;17.93;13679.7388389744;108.68857724231;11.9433333333333;9.52367110027607;2.6073628820047
1937Q2;5.3330887365;36257.65625;48.121875;1.32721866722157;128.68125290625;517.072700544274;16.3;12281.3221382146;101.247231368067;11.5266666666666;9.41583486188396;2.56713218923413
1937Q3;5.36683321725;36203.0312499999;48.384375;1.33647471805709;128.90625328125;517.644181871835;15.8933333333333;11891.9820319821;99.2639809156408;11.2466666666666;9.38361967318363;2.53938098810214
1937Q4;5.400577698;35963.71875;48.140625;1.33856349451779;129.14375346875;521.044296871845;11.5;8591.29958877506;82.3462605254647;13.9333333333333;9.05850529442848;2.78433204710626
1938Q1;5.38878173775;34591.90625;45.171875;1.30581943477195;129.4093794375;534.039302859777;10.8866666666666;8337.03831997864;81.9636408606508;17.75;9.02846331477508;3.07179231226403
1938Q2;5.3769857775;34362.34375;44.803125;1.30384362732067;129.6656288625;534.734555290949;10.0266666666666;7690.08373133738;78.64974375049;19.5666666666666;8.94768695078077;3.19156894019115
1938Q3;5.36518981725;34327.21875;44.815625;1.30554148533183;129.9281277125;533.946316995268;12.1;9268.18499139806;86.7988806740278;19.12;9.1343428455816;3.16293851889913
1938Q4;5.353393857;34486.53125;45.209375;1.31091735156653;130.1968759875;531.685048854661;12.94;9870.95028114233;89.7697704941321;17.24;9.19735140754393;3.0364575983463
1939Q1;5.33597381675;35233.71875;46.78125;1.32772560436204;130.471868890625;524.351171609234;12.43;9361.8741396288;86.5923352334174;17.41;9.14440077802139;3.04832633194556
1939Q2;5.3185537765;35624.53125;47.61875;1.33667657119548;130.753117934375;520.258605682795;11.1633333333333;8351.55906364782;81.0428043218348;16.86;9.03020351462529;3.00958820473731
1939Q3;5.30113373625;36052.40625;48.51875;1.34577555088452;131.040618321875;516.181054224517;12.0066666666666;8921.74527823391;83.7129656672489;15.73;9.09624686543016;2.92671397327402
1939Q4;5.283713696;36517.34375;49.48125;1.35500726077792;131.334370053125;512.125085888349;12.6466666666666;9333.28332086284;85.5597169782144;15.3866666666666;9.14134214199589;2.90057966091299
1940Q1;5.32739161675;36699.03125;49.3343749999999;1.34429299998522;131.63438033125;521.662981403974;12.2233333333333;9092.75978783471;84.9985844522479;15.41;9.11523374811476;2.90237077900419
1940Q2;5.3710695375;37366.21875;50.8906249999999;1.36191019423575;131.94063186875;520.344374825991;10.84;7959.40881115364;79.0098241179181;14.9;8.98211000612471;2.86270436336018
1940Q3;5.41474745825;38198.59375;52.9781249999999;1.38686259728221;132.25313186875;516.357792787309;10.2733333333333;7407.60718002318;75.852225754643;14.1233333333333;8.91026274846531;2.80008630354992
1940Q4;5.458425379;39196.15625;55.5968749999999;1.4183573331717;132.57188033125;510.191401854758;10.7466666666666;7576.84006373425;76.2864066855171;14.14;8.93285151358325;2.8014597836601
1941Q1;5.344008217;40723.125;58.840625;1.44480482032106;132.881246490624;491.49785711076;10.13;7011.32765998728;71.9941989010418;11.9033333333333;8.85528235724361;2.60355396249265
1941Q2;5.229591055;41905.375;62.484375;1.49097633256486;133.218744184374;467.263991874686;9.61;6445.44101076933;67.2994798685403;10.9966666666666;8.771128339839;2.51408856034616
1941Q3;5.115173893;43107.125;66.621875;1.54537435451488;133.568742646874;442.111222638092;10.2366666666666;6624.06920158842;66.4098012449938;9.24333333333333;8.79846514311023;2.32089082460926
1941Q4;5.000756731;44328.375;71.253125;1.6072472433003;133.931241878124;416.710970950522;9.32;5798.73447526495;60.2816224711005;7.36;8.66539497880692;2.07250910490419
1942Q1;5.04242605175;45432.5625;77.01875;1.69507989576497;134.290618315625;399.479997368934;8.58666666666666;5065.64126453261;55.2237383853435;6.68333333333333;8.53023601568411;1.96878832394577
1942Q2;5.0840953725;46747.4375;82.38125;1.76212036206323;134.684368509375;388.593304650791;8.03333333333333;4558.90159735018;51.8015842324731;5.08666666666666;8.42483699571864;1.6788287286588
1942Q3;5.12576469325;48136.4375;87.98125;1.82760554187517;135.096868896875;378.897275639539;8.63666666666666;4725.67327510138;51.9677740592658;3.77666666666666;8.46076532186176;1.36734009385624
1942Q4;5.167434014;49599.5625;93.81875;1.89131539275641;135.528119478125;370.288645207953;9.43666666666666;4989.4727779451;52.7171274938496;3.07666666666666;8.51508552744118;1.15509665785161
1943Q1;5.3153034965;52080.40625;102.45625;1.96710225146067;136.04062170625;367.595122055465;10.6166666666666;5397.10971241236;54.6420978291544;2.26333333333333;8.59361885081898;0.839732051715803
1943Q2;5.463172979;53314.34375;107.74375;2.02083849759657;136.48437209375;368.974430448134;11.81;5844.10877665182;57.0662169599895;1.94333333333333;8.67318938608748;0.68402935483059
1943Q3;5.6110424615;54244.96875;112.24375;2.06915218075095;136.92187209375;371.299146275107;12.0266666666666;5812.36449331716;57.0692236409395;1.89333333333333;8.66774273664617;0.657453807924631
1943Q4;5.758911944;54872.28125;115.95625;2.11318317475771;137.35312170625;374.318962306948;11.5633333333333;5471.99763440248;55.5176486736852;1.45666666666666;8.6073990269928;0.390824522673178
1944Q1;5.9976797085;54906.1249999999;118.428125;2.15691548130012;137.793744478125;383.159540732922;11.9066666666666;5520.22866444894;56.4076238501248;1.26666666666666;8.61617456313217;0.249136350886728
1944Q2;6.236447473;55042.8749999999;120.746875;2.19368561402515;138.206243896875;392.90770518478;12.22;5570.53386404707;57.3740031779044;1.36;8.62524617465638;0.321178026879963
1944Q3;6.4752152375;54992.375;122.459375;2.22684891339336;138.606243509375;403.038236939428;12.8033333333333;5749.529416355;59.0372174957667;1.26666666666666;8.65687328980836;0.249136350886728
1944Q4;6.713983002;54754.6249999999;123.565625;2.25672086711859;138.993743315624;413.52107103834;12.9433333333333;5735.46047361166;59.7219678988526;0.966666666666666;8.65442331816443;-0.0241878594880429
1945Q1;6.9116657655;54567.28125;123.440625;2.26218444735651;139.3374938;425.718683935526;13.7866666666666;6094.40431914254;62.4703633080797;1.07333333333333;8.71512630443086;0.0815604219664245
1945Q2;7.109348529;53859.96875;123.584375;2.29459116285833;139.7124938;432.87223813878;14.73;6419.44422972984;64.677772812029;1.18;8.76708682435883;0.177384611048061
1945Q3;7.3070312925;52870.34375;123.371875;2.33354712581441;140.0874938;438.655679827873;15.15;6492.26228705908;65.4745695442625;2.15;8.77836632939862;0.787202334285578
1945Q4;7.504714056;51598.40625;122.803125;2.3801724589593;140.4624938;442.880030643905;16.9566666666666;7124.13363277075;69.0657211059622;3.59333333333333;8.87124340234293;1.3156751072823
1946Q1;7.95690470425;48359.3125;118.76875;2.45619956548662;140.649991878125;455.63829493067;17.8733333333333;7276.8245644536;70.7821364586462;4.04333333333333;8.89244985983243;1.43834291960362
1946Q2;8.4090953525;47196.6875;118.73125;2.51576037790042;141.099992646875;471.636051997471;18.6466666666666;7411.9406722784;72.6413780552649;4.05999999999999;8.91084758309345;1.44263016352781
1946Q3;8.86128600074999;46425.6875;119.58125;2.57581100780297;141.624994184375;487.217258766485;16.9466666666666;6579.15763824661;69.4374275276992;3.74666666666666;8.79166199762074;1.35905313718267
1946Q4;9.313476649;46046.3125;121.31875;2.63468510197144;142.224996490625;502.758064987875;14.8566666666666;5638.87754766211;65.6715713464663;4.04;8.63744030831375;1.43748343998966
1947Q1;9.80857829675;46893.25;127.2;2.71250554422667;143.118753409375;517.525761942481;15.39;5673.721122066;66.9204624231846;4.16666666666666;8.6436004640139;1.46967597005894
1947Q2;10.3036799445;46963.25;128.7;2.7404367531957;143.781255715625;540.59851561417;14.5933333333333;5325.18523418415;66.7762358966621;3.76666666666666;8.5802027757349;1.3645848250375
1947Q3;10.79878159225;47091;130.1;2.76272354832914;144.431257253124;564.544940847895;15.43;5585.06840444889;69.858954926437;3.5;8.6278519593153;1.28839014613852
1947Q4;11.29388324;47276.5;134.3;2.84069562485398;145.068758021874;576.75648194624;15.25;5368.40338210606;69.6151912316647;2.73333333333333;8.58828582152607;1.03323570416961
1948Q1;11.3520048225;48013.03125;137.9;2.872117416306;145.6468825375;575.667312053804;14.41;5017.20435181008;67.7102092909025;3.73333333333333;8.52062815552838;1.35534955727047
1948Q2;11.410126405;48116.71875;139.6;2.90127514230147;146.2781319625;575.282210102762;16.1233333333333;5557.32653489158;70.4910017718659;3.66666666666666;8.62287243255618;1.33663877067403
1948Q3;11.4682479875;48080.84375;144.5;3.00536652579064;146.9156308125;560.618770768567;16.04;5337.11940369079;68.2857580257595;3.76666666666666;8.58244134889439;1.3645848250375
1948Q4;11.52636957;47905.40625;145.9;3.04562322776707;147.5593790875;558.448570189436;15.5566666666666;5107.87628779418;66.9367883212259;3.83333333333333;8.53853899755494;1.38282213540914
1949Q1;11.52894423;46769.9375;144.1;3.08103886292065;148.146872959375;554.351019960347;15.0133333333333;4872.81530720502;65.4182183405992;4.66666666666666;8.49142714087447;1.5882357047835
1949Q2;11.53151889;46643.5625;141.9;3.04221882796556;148.828121615625;564.132428606883;14.5466666666666;4781.59773812013;65.6510828265023;5.86666666666666;8.47253002447165;1.82974458241311
1949Q3;11.53409355;46705.8125;141;3.01890244593872;149.540621228125;571.338605886611;15.18;5028.31750009723;67.4550322061076;6.7;8.5228407141161;1.97145760453171
1949Q4;11.53666821;46956.6875;140.5;2.99211072210451;150.284371796875;579.450794303952;16.18;5407.55389847998;70.0135727002716;6.96666666666666;8.59555212513399;2.01334920441658
1950Q1;11.6416632125;47515.875;144.6;3.04313146877814;151.215628103125;578.483523602106;17.1466666666666;5634.54679582122;71.1240020947026;6.4;8.63667199658841;1.92243779287017
1950Q2;11.746658215;48096.125;150.6;3.13112176327638;151.959378671875;570.087980850177;18.34;5857.32570834587;71.6754546988663;5.56666666666666;8.67544841464192;1.77407249857433
1950Q3;11.8516532175;48817.125;159;3.2569167189733;152.671878284375;555.560462123568;18.2966666666666;5617.78769474781;69.3795174242226;4.63333333333333;8.63369321676639;1.58071762606867
1950Q4;11.95664822;49678.875;166.9;3.35943677805617;153.353126940625;545.802619130402;19.8166666666666;5898.80625112787;70.135321868993;4.23333333333333;8.68250527910496;1.48624521346739
1951Q1;12.1374222225;51482.3125;175;3.39913828581263;153.92499484375;549.625374411058;21.6133333333333;6358.47427083015;72.8019807782363;3.5;8.75754373303131;1.28839014613852
1951Q2;12.318196225;52305.1875;180.6;3.4527761995238;154.57499350625;551.464963686524;21.8;6313.75992542077;72.7024684867237;3.1;8.75048664581362;1.16289277858247
1951Q3;12.4989702275;52948.4375;183.7;3.4693980023897;155.22499313125;559.218794262007;22.7666666666666;6562.13748061913;74.5546337243626;3.16666666666666;8.78907166432552;1.18485840830262
1951Q4;12.67974423;53412.0625;186.5;3.49170701483348;155.87499371875;566.042638689393;23.16;6632.85891445405;75.4157491324042;3.36666666666666;8.7997911990527;1.24816957390769
1952Q1;12.8194332325;53277.78125;191.5;3.59436420284686;156.509374128125;558.196487241542;23.9166666666666;6653.93524888874;74.9580693217849;3.06666666666666;8.80296372537519;1.15173792438372
1952Q2;12.959122235;53549.46875;192.8;3.60039930448758;157.165625096875;565.695183929178;23.95;6652.03994738818;75.4903695244981;2.96666666666666;8.80267884561472;1.11755461197461
1952Q3;13.0988112375;53808.84375;196.3;3.64806860030279;157.828125484375;566.700095364627;25.0133333333333;6856.59620854092;76.6267171792753;3.23333333333333;8.83296641806916;1.20638120046684
1952Q4;13.23850024;54055.90625;204.1;3.7756742782156;158.496875290625;555.73144475954;25.11;6650.46774423219;74.7618157261221;2.83333333333333;8.80244246865486;1.07019634369381
1953Q1;14.66095427;54692.53125;208;3.80305924566476;159.17187209375;613.614300249707;26.01;6839.23081914901;79.9283141676286;2.7;8.83043055095246;1.02062296980642
1953Q2;14.70636179;54754.21875;211.3;3.85906440814316;159.85312170625;609.178182181251;24.5;6348.68906263954;77.05676569743;2.56666666666666;8.75600362374524;0.968609842730527
1953Q3;14.76312119;54642.84375;211.5;3.87058971234487;160.54062170625;612.330634427145;23.9833333333333;6196.29956046253;76.4922625834877;2.73333333333333;8.73170754776356;1.03323570416961
1953Q4;14.76879713;54358.40625;210;3.86327961006458;161.23437209375;616.377268068288;24.4333333333333;6324.50554955427;77.4515053390194;3.7;8.75218713655646;1.34603468683419
1954Q1;14.77447308;52993.8749999999;208.1;3.92691384420914;161.934375290625;609.255808345801;26.0166666666666;6625.21962508353;78.5003369938358;5.26666666666666;8.79863880126095;1.71550191035801
1954Q2;14.76879713;52726.125;207.7;3.93922726228362;162.640625484375;609.7658862877;28.44;7219.69008295119;81.6284620099469;5.8;8.88456730616657;1.81760792195815
1954Q3;14.86528812;52648.125;208.3;3.95645497599364;163.353125096875;613.754303941649;30.77;7777.16420045253;84.8156900173344;5.96666666666666;8.95894705207017;1.84770928082685
1954Q4;14.88799188;52759.875;212.6;4.0295471452284;164.071874128125;606.19733228545;33.53;8321.03429778819;87.0974454727366;5.33333333333333;9.02654184072683;1.72878467006667
1955Q1;14.87096406;53518.71875;217.1;4.05647899578248;164.79687015625;604.141753437417;36.2966666666666;8947.82561536846;90.2081419734413;4.73333333333333;9.09916583374873;1.60311988509954
1955Q2;14.76879713;53827.03125;223.6;4.15401116793923;165.52811899375;588.503764168252;38.38;9239.26259424093;90.5929876394174;4.4;9.13121735563299;1.52660190685495
1955Q3;14.93339941;54142.15625;228.6;4.22218882592084;166.265618218749;588.062492555538;43.1533333333333;10220.6071572182;95.6640754293001;4.09999999999999;9.23216127072283;1.45285117780896
1955Q4;14.93339941;54464.09375;233.6;4.28903442242828;167.009367831249;581.486961725906;44.1433333333333;10292.137806705;95.5606239276491;4.23333333333333;9.2391355630035;1.48624521346739
1956Q1;14.81420466;54949.5624999999;238;4.33121814471439;167.7749938;573.846204910403;45.3566666666666;10472.0346912145;95.9436610093373;4.03333333333333;9.25646362034346;1.43576244097266
1956Q2;14.75744525;55222.4374999999;242.6;4.39312530648725;168.5249938;566.111411752263;46.9533333333333;10687.9112380423;96.5069935075088;4.2;9.27686859091806;1.4779920263006
1956Q3;15.04691822;55439.4374999999;245.7;4.43184649973069;169.2749938;574.719135365899;48.0366666666666;10838.9734774401;97.9148555696429;4.13333333333333;9.2909035728564;1.46129603275219
1956Q4;15.03556634;55600.5624999999;251.6;4.52511299030183;170.0249938;564.941047707954;46.1466666666666;10197.9037353471;93.8743371730899;4.13333333333333;9.22993746200858;1.46129603275219
1957Q1;15.17746485;55913.9375;255.3;4.56593879483523;170.7906173625;567.718646308023;44.31;9704.4664834582;91.5092838420527;3.93333333333333;9.18034152072347;1.40961503389429
1957Q2;15.34206712;55880.0625;257;4.59914248889033;171.5343679375;572.213579518574;46.46;10101.8831471798;93.9008341645281;4.09999999999999;9.2204771356655;1.45285117780896
1957Q3;15.34206712;55707.0624999999;259.7;4.66189607147106;172.2718690875;566.938116575018;46.11;9890.82538372633;92.4219178237507;4.23333333333333;9.19936287752742;1.48624521346739
1957Q4;15.45558593;55394.9374999999;258.1;4.65930323769671;173.0031208125;573.876492571359;40.64;8722.33420465032;86.8474082770909;4.93333333333333;9.07364216510158;1.64660667821802
1958Q1;15.5066694;54055.25;255.2;4.72113746455402;173.6968759875;570.510825404529;41.4966666666666;8789.54848873195;86.9535848181536;6.3;9.08131862289029;1.9056216301412
1958Q2;15.62586415;53820.25;254.8;4.73428844009271;174.4281277125;575.712752204215;43.5966666666666;9208.7052190282;89.5092991233114;7.36666666666666;9.12790453511328;2.07348645776334
1958Q3;15.55207692;53801.5;260.9;4.84929403180947;175.1656288625;561.770293972722;47.5466666666666;9804.86362649472;91.6012831120003;7.33333333333333;9.19063382996613;2.06859152565577
1958Q4;15.52369722;53999;267.2;4.94818157376471;175.9093794375;551.87221888226;52.3133333333333;10572.2339719098;94.8759780791183;6.36666666666666;9.26598640676095;1.91685978693048
1959Q1;15.50099346;55054.6249999999;274.5;4.98589408981061;176.690628953125;549.325804862757;55.5166666666666;11134.7464800993;97.6169373880937;5.83333333333333;9.31782581159207;1.82369251633106
1959Q2;15.54072504;55427.8749999999;281.6;5.08045821228417;177.434378571875;542.757911749268;57.5066666666666;11319.1889911858;98.1011797736384;5.09999999999999;9.33425470530245;1.68158702010249
1959Q3;15.51234534;55760.6249999999;282.3;5.06270955052103;178.171877809374;545.925787540162;58.73;11600.5074780472;99.793073324999;5.26666666666666;9.35880412424505;1.71550191035801
1959Q4;15.60316039;56052.8749999999;285.5;5.09337362727872;178.903126665624;548.056039848706;57.7633333333333;11340.8788673913;98.5970217914961;5.59999999999999;9.33616907581228;1.78039571057774
1960Q1;15.61451227;56376.65625;294.1;5.21667218455698;179.596873234375;537.568296714802;56.2766666666666;10787.8480141542;94.9629975260822;5.13333333333333;9.28617559574308;1.68845300975192
1960Q2;15.58045662;56559.09375;296.9;5.24937353607967;180.328122090625;535.22472049061;56.07;10681.2745586922;94.2393749966706;5.23333333333333;9.27624744609517;1.7088008796854
1960Q3;15.61451227;56672.2187499999;297.6;5.25125075156578;181.065621328125;538.395803144645;55.72;10610.8054320936;94.1022048142448;5.53333333333333;9.26962814127099;1.76771355409401
1960Q4;15.69965137;56716.03125;297.1;5.23838437018859;181.809370946875;544.890091668127;55.3333333333333;10563.0533048;94.3234308125656;6.26666666666666;9.26511765417983;1.89996089588748
1961Q1;15.67127167;56258.34375;298;5.29700779285218;182.606246415625;540.243135016676;62.0033333333333;11705.3505975583;99.9274017690089;6.8;9.36780133227937;1.98734507647861
1961Q2;15.64289197;56336.4062499999;302.2;5.36419259638785;183.343746609375;534.661343725202;65.9833333333333;12300.701764095;102.619664324626;7;9.41741159372445;2.01848084189015
1961Q3;15.71100325;56518.0312499999;307.2;5.43540894548862;184.068746996875;532.049145021849;66.83;12295.3030158786;102.402728867649;6.76666666666666;9.41697259980237;1.98207347182792
1961Q4;15.78479048;56803.2187499999;313.8;5.52429060949459;184.781247578125;527.983316562081;70.2733333333333;12720.7886588288;104.321294813348;6.2;9.45099283645235;1.88855462202696
1962Q1;15.830198;57557.4375;320.4;5.56657365907542;185.46562480625;527.426338478434;69.86;12549.9102820825;103.39245773882;5.63333333333333;9.43746879569633;1.78668361579926
1962Q2;15.88128147;57903.5625;326.4;5.63694040156973;186.15937519375;524.477682060997;62.2233333333333;11038.4940944215;95.3199057040018;5.53333333333333;9.30914390603634;1.76771355409401
1962Q3;15.91533711;58207.0625;329.2;5.65566180764663;186.84687519375;525.797175962334;57.83;10225.1517093565;91.1859247107304;5.56666666666666;9.23260581790181;1.77407249857433
1962Q4;15.88128147;58467.9375;332.6;5.68857712161315;187.52812480625;523.538113296212;59.6166666666666;10480.066524924;92.348151520921;5.53333333333333;9.25723030565298;1.76771355409401
1963Q1;15.93236493;58512.75;337.5;5.76796095286571;188.1874980625;519.81487373034;65.55;11364.5013438298;96.6780223586183;5.76666666666666;9.33824985884624;1.81149042279228
1963Q2;16.03453186;58757.75;342.4;5.8272973031604;188.8624972875;519.678604397478;69.67;11955.7998117266;99.7429221189159;5.73333333333333;9.38897177951378;1.80533963578508
1963Q3;16.05723562;59029.5;347.4;5.88516921994589;189.5374965125;517.138611751613;70.9666666666666;12058.5600879832;100.093634087154;5.5;9.39753006746332;1.76131844372682
1963Q4;16.14805067;59328;353.6;5.96006048648918;190.2124957375;515.357356892469;73.2733333333333;12294.0586759876;101.189442018461;5.56666666666666;9.41687139018923;1.77407249857433
1964Q1;16.26156948;59544.5;360;6.04586616766015;190.934368040625;513.556272320556;77.5466666666666;12826.3948483462;103.827371700176;5.46666666666666;9.45926042422998;1.75488672616027
1964Q2;16.19913414;59940;367.4;6.12942098275152;191.590618034375;506.345074067849;80.3;13100.7480520539;104.732638725786;5.2;9.48042461076913;1.7020594023145
1964Q3;16.29562512;60405.75;374.7;6.20301585728707;192.228118796874;504.992641241884;82.8766666666666;13360.7052719858;105.986635376114;5;9.5000732355166;1.66073120682165
1964Q4;16.41481987;60941.75;380.7;6.24691796219632;192.846870328124;506.737347614606;84.75;13566.6900882757;107.183898691569;4.96666666666666;9.51537280916961;1.65369140302088
1965Q1;16.5169868;61565.34375;387.3;6.2908436558135;193.415625503125;507.824309128494;86.5666666666666;13760.7404352942;108.27154781352;4.9;9.52957492074411;1.63947642155333
1965Q2;16.43752364;62234.90625;394.1;6.33241808706662;194.009377421875;503.60441839225;87.43;13806.732088421;108.205606309549;4.66666666666666;9.53291158468798;1.5882357047835
1965Q3;16.46590334;62967.78125;402.3;6.38890714918475;194.596878959375;501.527620356733;86.9266666666666;13605.8741560767;107.010992563391;4.36666666666666;9.51825690171309;1.51864869320788
1965Q4;16.64185749;63763.96875;414.3;6.49729659699228;195.178130115625;499.919709383827;91.7566666666666;14122.2838294226;109.580070901448;4.09999999999999;9.55550924226142;1.45285117780896
1966Q1;16.73267254;65018.78125;426.7;6.56262862514851;195.768756859374;499.14975982915;91.63;13962.3930034478;108.692971253576;3.86666666666666;9.54412278021096;1.39182687868961
1966Q2;16.77240413;65783.46875;437.8;6.65508916986657;196.331256865625;494.801361702434;88.1466666666666;13245.0015945367;104.648146742677;3.83333333333333;9.49137552209398;1.38282213540914
1966Q3;16.78943195;66453.34375;449;6.75656324036317;196.881256103124;489.231630635377;81.4333333333333;12052.4785214556;98.0443352065067;3.76666666666666;9.3970256041961;1.3645848250375
1966Q4;16.86321917;67028.40625;457.1;6.8194672639774;197.418754571874;488.178269320157;79.8166666666666;11704.2378204942;96.1573255384173;3.7;9.36770626208462;1.34603468683419
1967Q1;16.86889511;67280.0624999999;463.3;6.88612060273887;197.9281239125;484.863532635642;87.0766666666666;12645.2427557009;100.810895739202;3.83333333333333;9.44503635668183;1.38282213540914
1967Q2;16.9370064;67756.9375;469;6.9217666309047;198.4468721875;485.583540088286;91.66;13242.2840710565;103.967567117877;3.83333333333333;9.49117032753204;1.38282213540914
1967Q3;17.06187709;68230.4375;478.7;7.01587754253069;198.9593710375;483.848287540244;94.4366666666666;13460.4211795582;104.976421322862;3.8;9.50750889390962;1.37374189504877
1967Q4;17.22647936;68700.5625;489.7;7.12796486618036;199.4656204625;482.057706292839;94.5399999999999;13263.2528042553;103.8216867471;3.9;9.49275254317791;1.40075742314745
1968Q1;17.32864629;69160.125;504.5;7.29459002305824;199.949996899999;474.990748076894;91.6266666666666;12560.9069703759;99.658547331914;3.73333333333333;9.43834464843229;1.35534955727047
1968Q2;17.34567411;69626.375;517.6;7.433893397376;200.449996899999;467.714579120166;98.0133333333333;13184.6568270578;102.375979571088;3.56666666666666;9.48680907092176;1.30794971547386
1968Q3;17.52162827;70092.125;531.4;7.58138366554907;200.949996899999;464.42329024176;99.9033333333333;13177.4538449108;102.100563878015;3.53333333333333;9.48626260615527;1.29821437290873
1968Q4;17.84515688;70557.375;543.799999999999;7.70713302865343;201.449996899999;466.4389189587;105.233333333333;13654.0180300636;104.724427597045;3.4;9.52178911847418;1.25836687639173
1969Q1;18.20841707;71388.375;555.9;7.78691132195523;201.8874954625;472.080850366729;100.933333333333;12961.9215065094;101.533437315363;3.4;9.46977122330734;1.25836687639173
1969Q2;18.42977875;71706.125;569.8;7.94627547077708;202.4124960375;469.454844842117;101.68;12795.9319273456;100.480431304282;3.43333333333333;9.45688258121669;1.26846817644838
1969Q3;18.787363;71876.875;586.6;8.16115963106294;202.9624971875;467.228957945454;94.4666666666666;11575.1524216128;93.9714462518427;3.56666666666666;9.35661604704162;1.30794971547386
1969Q4;19.16765101;71900.625;598.2;8.31986186584487;203.5374989125;468.918331759692;94.28;11331.9189092602;92.8287737143786;3.56666666666666;9.33537870501765;1.30794971547386
1970Q1;19.5876706;71392.0625;608.6;8.52480603612586;204.2625040875;469.339317404034;88.7066666666666;10405.7108502823;88.0429290697795;4.16666666666666;9.25011005463758;1.46967597005894
1970Q2;19.93390297;71275.9375;614.2;8.61722665924323;204.8375058125;473.842818223117;79.2;9190.89205052376;82.0514744202549;4.76666666666666;9.12596827816061;1.61048741401722
1970Q3;20.31986693;71166.9375;622.2;8.74283277739212;205.3875069625;477.356357696154;78.74;9006.23424979737;81.3452827603782;5.16666666666666;9.10567231093824;1.69527695634691
1970Q4;20.73988652;71065.0625;623.9;8.77932575624319;205.9125075375;486.438498575983;86.2333333333333;9822.31844763371;86.2455593747389;5.83333333333333;9.19241246794632;1.82369251633106
1971Q1;20.87610909;70643.28125;641.6;9.08229814433034;206.225008021875;474.018326213868;96.7333333333333;10650.755105823;89.6554515355424;5.93333333333333;9.27338607057936;1.84175260386742
1971Q2;21.10314671;70686.46875;653.7;9.24786335059965;206.775007253125;471.849891006561;101.44;10969.0202108601;91.1536522162469;5.9;9.30283023395318;1.83576449030843
1971Q3;21.39829562;70867.59375;664.1;9.37096383656933;207.375005715625;473.534180036562;98.5466666666666;10516.1719098837;88.9206151480388;6.03333333333333;9.26066953317562;1.8595297261398
1971Q4;21.65371294;71186.65625;676.3;9.50028345869733;208.025003409375;474.145190272752;96.4133333333333;10148.4691222627;87.0527366924862;5.93333333333333;9.22507814770181;1.84175260386742
1972Q1;21.84101898;71749.125;701.1;9.77143296456865;208.974996490624;467.099030535962;105.4;10786.5448580758;89.861293169744;5.76666666666666;9.28605478992595;1.81149042279228
1972Q2;21.97156561;72301.875;715.8;9.90008711669086;209.624994184374;465.227149915964;108.166666666666;10925.8297822758;90.4502378067584;5.7;9.2988849696906;1.79915517118918
1972Q3;22.35752956;72950.375;729.7;10.0025729573434;210.224992646874;469.890247978914;109.2;10917.191053311;90.7424584060927;5.56666666666666;9.29809398665943;1.77407249857433
1972Q4;22.37455738;73694.625;753.9;10.2298337975457;210.774991878124;461.004278601043;114.066666666666;11150.3929510597;91.3126526883659;5.36666666666666;9.31923001851478;1.73536739449958
1973Q1;22.34617768;75125.875;781.7;10.4050302133444;211.1499938;453.472520678929;115;11052.3465710376;90.2582654144823;4.93333333333333;9.31039804377076;1.64660667821802
1973Q2;22.40861302;75825.125;800.8;10.5610422353576;211.6499938;449.082836812366;107.433333333333;10172.6071100875;85.366246073989;4.93333333333333;9.22745380919741;1.64660667821802
1973Q3;22.60727094;76383.625;819.9;10.7338793701754;212.1499938;446.821901416389;105.066666666666;9788.32191449801;83.2044974277946;4.8;9.18894531271177;1.61780616210462
1973Q4;23.0216146;76801.375;842.5;10.9697758167875;212.6499938;446.275865953809;102.193333333333;9315.89989076553;80.7084245404411;4.76666666666666;9.13947788500033;1.61048741401722
1974Q1;23.555153;77175.5624999999;860.7;11.1524448783909;213.1499938;450.195519516655;95.6666666666666;8578.08917325665;77.1551997619888;5.13333333333333;9.05696646059946;1.68845300975192
1974Q2;23.99787636;77272.9374999999;881.4;11.4063199911985;213.6499938;449.500464609396;90.64;7946.47178668851;73.8205368820396;5.2;8.98048330872329;1.7020594023145
1974Q3;24.47465536;77190.6875;903.1;11.6996387885599;214.1499938;447.983684652394;74.4866666666666;6366.57832030685;65.4954276659637;5.63333333333333;8.75881744887874;1.78668361579926
1974Q4;25.1671201;76928.8124999999;915.8;11.9047252566283;214.6499938;453.779659502941;69.4166666666666;5831.01795045769;63.1295627244426;6.6;8.67094686967012;1.95534848978567
1975Q1;26.32501196;75397.3125;919.5;12.1956020127674;215.064666666666;464.231279132131;78.8133333333333;6462.43893912123;67.1686039646834;8.26666666666666;8.77376207028017;2.19851573309984
1975Q2;26.957615;75212.1875;931.7;12.3876344592401;215.548;469.069378591952;89.0733333333333;7190.5038549868;71.3043361181295;8.86666666666666;8.88051652544851;2.2751454774859
1975Q3;26.84418273;75283.4375;957.7;12.721191328054;216.187;456.196529255273;87.6233333333333;6887.98172071336;68.8005140128657;8.46666666666666;8.83753339231679;2.22460386667871
1975Q4;27.28918624;75611.0625;987.6;13.0613627130427;216.763;452.884282206962;89.1133333333333;6822.66738097299;68.2214039846229;8.3;8.82800578595293;2.20290332152822
1976Q1;27.66874807;76778.34375;1022.4;13.316060269999;217.241666666666;451.395144166567;99.52;7473.68200369429;71.4990153424531;7.73333333333333;8.91914306213657;2.12602724091684
1976Q2;28.64601069;77385.40625;1046.1;13.5179315157289;217.691333333333;461.312313539322;101.633333333333;7518.40865705502;72.448605285579;7.56666666666666;8.925109779797;2.10243515785372
1976Q3;28.93395414;78015.53125;1070.8;13.7253378654985;218.236;460.056464735173;104.333333333333;7601.51293583793;72.7899496667102;7.73333333333333;8.93610257696751;2.12602724091684
1976Q4;29.3702321;78668.71875;1098.1;13.9583946603137;218.828;460.441856415769;102.6;7350.41546659451;71.5121066451515;7.76666666666666;8.90251211667662;2.13068965976687
1977Q1;30.32568083;79185.4374999999;1127;14.2322330316619;219.342333333333;467.369075420304;101.8;7152.77776674465;70.9852285399601;7.5;8.87525605908732;2.09286456201198
1977Q2;31.71740751;79948.5625;1164.4;14.5641476010511;219.863;478.811706554515;99.0333333333333;6799.80291645671;69.9770615494664;7.13333333333333;8.82464890787017;2.03878404667019
1977Q3;32.42854058;80798.5625;1196.9;14.8131652464588;220.461666666666;482.628120653923;98.06;6619.78708591278;69.3169059700251;6.9;8.79781848616501;2.00301741330828
1977Q4;33.54104937;81735.4374999999;1233.7;15.0935774021787;221.105333333333;491.341761048189;93.9466666666666;6224.28097484071;67.8902703929558;6.66666666666666;8.73621320861189;1.96611285637283
1978Q1;34.61429315;83180.28125;1269.7;15.2641308720362;221.632666666666;502.593836486992;89.35;5853.59236952617;66.7762146995456;6.33333333333333;8.67481083201666;1.91125449582079
1978Q2;36.02783373;84122.46875;1317.9;15.6661763004257;222.182;510.956598489278;95.9266666666666;6123.17037847072;68.7826480388225;6;8.71983527707003;1.85363487294614
1978Q3;37.05744971;84983.09375;1354.8;15.9417620821857;222.814333333333;517.943431196603;101.663333333333;6377.17040369946;70.6085961747516;6.03333333333333;8.76047976756708;1.8595297261398
1978Q4;38.1699585;85762.15625;1399.3;16.3157916973374;223.472666666666;522.802850807601;97.14;5953.74112405789;68.7580999584906;5.9;8.69177506129857;1.83576449030843
1979Q1;39.97178647;86704.1874999999;1443.5;16.6483757079466;224.051;537.933482971268;99.3466666666666;5967.34891195701;69.9228051609991;5.86666666666666;8.69405803941019;1.82974458241311
1979Q2;41.1759136299999;87222.3124999999;1475.2;16.9129822998415;224.637666666666;546.89711114982;101.176666666666;5982.1895909874;70.6480470092664;5.7;8.6965419322663;1.79915517118918
1979Q3;42.07464622;87561.0625;1516.2;17.3158265396356;225.299;547.439979086281;106.233333333333;6135.04259182586;71.4821319654326;5.86666666666666;8.72177229955382;1.82974458241311
1979Q4;42.92975102;87720.4375;1558.2;17.7633462652547;226.023666666666;546.245036815326;105.333333333333;5929.81366013036;70.328547194426;5.96666666666666;8.68774806824853;1.84770928082685
1980Q1;43.62779575;87120.4375;1599;18.3540057761404;226.652;538.755805295839;110.3;6009.58729910537;70.2018986782371;6.3;8.70111135613738;1.9056216301412
1980Q2;44.30402659;87153.0625;1621.3;18.6028882947587;227.278;541.277805670586;108.433333333333;5828.84397386204;69.444374014066;7.33333333333333;8.67057397046514;2.06859152565577
1980Q3;45.66957659;87238.3125;1653.5;18.9537788124473;227.955;549.262943004094;123.266666666666;6503.54042254173;73.530120976413;7.66666666666666;8.78010198799024;2.1166468957299
1980Q4;45.78300886;87376.1875;1716.5;19.6447252257167;228.602666666666;532.769880625182;133.133333333333;6777.05245574265;73.7599351390625;7.4;8.82129754536625;2.07836104454608
1981Q1;46.06658953;88155.28125;1768.9;20.0655983642448;229.077333333333;525.915614064012;131.533333333333;6555.1662574745;72.1105634356955;7.43333333333333;8.78800875933527;2.08321547014141
1981Q2;47.17037277;88162.96875;1801.9;20.4383162145392;229.579666666666;529.855705499619;132.8;6497.59983190445;72.0960866335256;7.4;8.77918813106163;2.07836104454608
1981Q3;47.81170136;87987.84375;1840;20.9120779462658;230.188333333333;526.284182670365;125.666666666666;6009.28645109158;69.2986359527436;7.4;8.70106129354081;2.07836104454608
1981Q4;47.96003587;87629.90625;1867.9;21.316168367381;230.817333333333;519.324458096524;122.166666666666;5731.1738470602;67.3492623250917;8.23333333333333;8.65367564859876;2.19411201747346
1982Q1;48.47048108;86211.34375;1891.8;21.9441185868207;231.313333333333;510.92817888884;114.2;5204.12791009008;64.0015724661315;8.83333333333333;8.55720741851751;2.27101329711823
1982Q2;48.69734562;85838.90625;1911.1;22.263872353055;231.815333333333;507.045280728076;114.133333333333;5126.39182993123;63.3166113122823;9.43333333333333;8.54215734370831;2.34333347420498
1982Q3;48.3963138299999;85634.7812499999;1930.8;22.5469372808102;232.393;498.824493092794;113.833333333333;5048.72710273679;62.3183917848403;9.9;8.52689143163323;2.39678477851434
1982Q4;48.74533619;85598.9687499999;1944.8;22.7199073258454;232.989666666666;499.877022717568;136.733333333333;6018.21703637804;67.435837331646;10.6666666666666;8.70254632107575;2.47991910827695
1983Q1;49.63970601;85566.9375;1972.7;23.054416309994;233.469333333333;502.695401747968;147.666666666666;6405.13577446995;69.6515835736218;10.3666666666666;8.76485541230599;2.44803844189845
1983Q2;50.23740681;85933.5625;2010.5;23.3958426545507;233.940333333333;502.335216921442;162.733333333333;6955.65172565733;72.4882251568384;10.1333333333333;8.84730980602885;2.42267341536211
1983Q3;50.55152694;86534.3125;2052.4;23.717539297521;234.503;499.819335104881;165.533333333333;6979.36372137201;72.4296292792173;9.36666666666666;8.85071303420477;2.33550541068937
1983Q4;50.73912646;87369.1875;2106.5;24.1099506506753;235.073333333333;494.709249313193;165.766666666666;6875.44612050141;71.5197985519512;8.53333333333333;8.83571181068424;2.23317564162188
1984Q1;51.48952455;89323.8125;2176;24.3604788968324;235.529;497.825854700823;160.366666666666;6583.06707950304;70.2247581082853;7.86666666666666;8.7922560372235;2.14456780612614
1984Q2;52.32717822;90272.6875;2225.7;24.6550915328669;235.997333333333;500.873197096669;155.766666666666;6317.82958335476;69.0658459835339;7.43333333333333;8.75113100780337;2.08321547014141
1984Q3;52.84198621;91101.4375;2270.9;24.9270034381051;236.552333333333;501.459999673893;160.533333333333;6440.13764959533;69.7442737543182;7.43333333333333;8.77030519303074;2.08321547014141
1984Q4;53.34370587;91810.0625;2309.3;25.1528832414164;237.150333333333;502.943440196775;165.2;6567.83552066047;70.5155554336613;7.3;8.78993960828831;2.06367606157063
1985Q1;54.08537839;92204.5;2353.7;25.5268393346964;237.600666666666;503.420019763905;177.3;6945.63074085759;72.5145472813898;7.23333333333333;8.84586807048255;2.05378277800266
1985Q2;54.94484597;92750.5;2389.2;25.7593233260878;238.081333333333;507.829418604489;184.8;7174.10149562599;74.0213947423597;7.3;8.8782328056958;2.06367606157063
1985Q3;55.8784808;93254;2427.9;26.0352174590392;238.681;512.272720472103;188.3;7232.51112829188;74.6463755572508;7.2;8.8863415754999;2.04880457221795
1985Q4;56.55034885;93715;2476.1;26.4215111942646;239.299;512.175167800155;197;7456.04589198378;75.8017032702669;7.03333333333333;8.91678051138723;2.02358993183667
1986Q1;57.65413209;93875.21875;2510;26.7375673722442;239.784666666666;517.046919515484;219.966666666666;8226.87657423201;80.162250466976;7.03333333333333;9.01516170453202;2.02358993183667
1986Q2;58.84517091;94354.53125;2533.3;26.8486695204882;240.274666666666;526.618416400626;240.6;8961.33790973882;84.6734686364071;7.16666666666666;9.10067481510516;2.04380506175437
1986Q3;59.81807076;94894.65625;2569.2;27.0741058696993;240.857666666666;532.155743834917;241.166666666666;8907.65027762465;84.7946417229126;6.96666666666666;9.09466576824699;2.01334920441658
1986Q4;60.75606836;95495.59375;2618.2;27.416810650392;241.453666666666;535.064988588046;243.7;8888.70711869309;84.9064756921198;6.83333333333333;9.09253688696369;1.9925927795373
1987Q1;62.03;96280.15625;2664.5;27.6743073447784;241.931;542.271202781577;279.3;10092.3935157748;91.6866542431369;6.6;9.21953730184407;1.95534848978567
1987Q2;64.09;96953.59375;2706.2;27.9121881739035;242.427666666666;556.645328551959;293.266666666666;10506.7601593793;94.8806100830788;6.26666666666666;9.25977415368219;1.89996089588748
1987Q3;65.3199999999999;97638.71875;2752.7;28.1925103992596;243.013;563.043479817847;319.4;11329.250055305;99.6201438784166;6;9.33514316077264;1.85363487294614
1987Q4;66.18;98335.53125;2819.2;28.6689808648784;243.631333333333;562.403027718103;255.4;8908.58315486491;86.9863713093164;5.83333333333333;9.0947704904089;1.82369251633106
1988Q1;66.67;99106.84375;2869.1;28.9493696136363;244.130333333333;562.228799471564;258.1;8915.56546635215;87.0100826268253;5.7;9.09555395692871;1.79915517118918
1988Q2;69.27;99801.90625;2932.3;29.3810194181068;244.620333333333;576.727793166948;263.133333333333;8955.89528698144;88.2680749382738;5.46666666666666;9.10006728570986;1.75488672616027
1988Q3;70.5;100483.53125;2981;29.6663998183349;245.241666666666;582.798641084666;266.933333333333;8997.83374349181;88.9250772165787;5.46666666666666;9.10473913217905;1.75488672616027
1988Q4;71.22;101151.71875;3034.2;29.9963817744306;245.877666666666;583.783989405248;274.966666666666;9166.66112381101;89.8742202778166;5.33333333333333;9.12332839031121;1.72878467006667
1989Q1;72.43;102004.4375;3078.5;30.179981626736;246.377333333333;591.289632778457;290.7;9632.21262343225;92.8377460917302;5.2;9.17286824199685;1.7020594023145
1989Q2;74.4;102566.5625;3107.8;30.3002604189239;246.913666666666;606.277851939741;313.3;10339.8451256983;97.6010833488746;5.23333333333333;9.24376016977794;1.7088008796854
1989Q3;75.22;103036.0625;3144.4;30.5173806059059;247.577;610.233957510627;341.933333333333;11204.5439859003;102.3835438547;5.23333333333333;9.32407468803072;1.7088008796854
1989Q4;75.37;103412.9375;3194.6;30.8915570687018;248.275666666666;605.749232874554;345.4;11181.0485703858;101.937122102836;5.36666666666666;9.32197553214883;1.73536739449958
1990Q1;75.58;103875.9375;3259;31.3738602404521;248.832666666666;599.440833946789;336.293333333333;10718.9020017285;99.0778627033412;5.3;9.27976400416708;1.72216300635413
1990Q2;76.42;103996.0625;3317.4;31.8992718691043;249.573333333333;597.894341024306;349.606666666666;10959.7067952286;100.218236191246;5.33333333333333;9.30198080788399;1.72878467006667
1990Q3;75.84;103952.0625;3358.5;32.3081873125759;250.440666666666;587.882569091296;335.396666666666;10381.1663409576;96.4859747182802;5.7;9.24774851466159;1.79915517118918
1990Q4;74.59;103743.9375;3370.1;32.4849340182966;251.343;577.119053387662;317.053333333333;9760.01161506925;92.4777679582881;6.13333333333333;9.186048869475;1.87703322631914
1991Q1;73.43;102711.375;3385;32.956639285576;252.132;561.770045773538;353.343333333333;10721.4613198737;96.36757317277;6.6;9.28000274248685;1.95534848978567
1991Q2;74.75;102439.125;3419.4;33.3798911516798;252.921;566.384254043578;378.653333333333;11343.7557843647;99.9371116460473;6.83333333333333;9.33642272036358;1.9925927795373
1991Q3;75.16;102266.875;3455.3;33.7871246325856;253.808666666666;564.601444902735;385.61;11412.9273856025;100.167906871601;6.86666666666666;9.34250197310477;1.99781681496076
1991Q4;74.65;102194.625;3493.6;34.1857532759214;254.705666666666;556.190114144973;387.103333333333;11323.527968184;99.0948906872382;7.1;9.3346379611687;2.03374132421557
1992Q1;74.3;102253.46875;3561.1;34.8261676126165;255.455;545.00129647122;412;11830.1848363799;100.920554884045;7.36666666666666;9.37840958122737;2.07348645776334
1992Q2;75.48;102368.78125;3612.7;35.2909853149801;256.288666666666;548.14759030796;410.163333333333;11622.3259189998;100.067165558064;7.6;9.36068317552181;2.10719145463274
1992Q3;75.4;102571.65625;3656.6;35.649167999562;257.224666666666;544.044670745329;417.153333333333;11701.6288665828;100.182899801118;7.63333333333333;9.36748333046178;2.11192864467935
1992Q4;74.74;102862.09375;3695.4;35.9257092806003;258.140333333333;537.036258982134;423.659999999999;11792.6690518751;100.149600594159;7.36666666666666;9.37523335059733;2.07348645776334
1993Q1;74.4599999999999;103265.25;3732.2;36.1418014820783;258.916666666666;533.424849050754;442.363333333333;12239.6592088164;102.212844472215;7.13333333333333;9.41243671326175;2.03878404667019
1993Q2;75.48;103720.75;3777.3;36.4178903051542;259.685666666666;538.226513281189;445.463333333333;12231.9917381454;102.520133948586;7.06666666666666;9.4118100721791;2.02867668877969
1993Q3;76.06;104253.75;3819.8;36.6393715108572;260.562666666666;540.904377161434;453.553333333333;12378.8513457152;103.477413466491;6.8;9.42374475887381;1.98734507647861
1993Q4;75.91;104864.25;3859.2;36.8017337825511;261.420666666666;539.225758327601;464.246666666666;12614.8042211745;104.583004277193;6.63333333333333;9.44262634142833;1.96074323545247
1994Q1;76.4599999999999;105711;3926.9;37.1473470393468;262.131333333333;539.542210791994;469.46;12637.7800143505;104.725357914884;6.56666666666666;9.44444602049971;1.94992836356129
1994Q2;78.06;106413;3978.6;37.3882044252808;262.886666666666;548.861158631204;450.986666666666;12062.2713392923;102.406472733356;6.2;9.39783778913947;1.88855462202696
1994Q3;78.23;107129;4016.4;37.4911569626717;263.725666666666;550.296671929194;460.866666666666;12292.676567051;103.708367529146;6;9.41675896298615;1.85363487294614
1994Q4;77.89;107859;4072.2;37.7546973215402;264.554666666666;545.790708138194;460.003333333333;12184.0026796053;102.817482132339;5.63333333333333;9.40787911450318;1.78668361579926
1995Q1;77.74;108768.15625;4135.5;38.0211423461785;265.269666666666;542.38412141605;480.106666666666;12627.3603853179;104.876645982033;5.46666666666666;9.44362119788179;1.75488672616027
1995Q2;79.28;109460.09375;4171.3;38.1078899944042;266.007666666666;553.404762542088;523.69;13742.2985129037;111.471116598892;5.66666666666666;9.52823383802309;1.79293663240107
1995Q3;79.87;110099.96875;4216.39999999999;38.2960318303572;266.850666666666;556.542329008917;565.083333333333;14755.6628278492;116.967457092161;5.66666666666666;9.59938220862149;1.79293663240107
1995Q4;79.51;110687.78125;4257.5;38.4639866390419;267.704666666666;553.379925133959;597.673333333333;15538.5175993868;120.809660103997;5.56666666666666;9.65107722679663;1.77407249857433
1996Q1;79.61;110986.65625;4295.5;38.7027544454182;268.37;552.026231883071;637.01;16459.0352580296;125.4984799069;5.53333333333333;9.70862986121503;1.76771355409401
1996Q2;81.11;111565.09375;4364.3;39.1187219308523;269.115666666666;557.992967201669;658.966666666666;16845.3015369848;127.938459521001;5.5;9.73182705636223;1.76131844372682
1996Q3;81.72;112186.21875;4423.39999999999;39.4289582876053;269.975666666666;559.548424258913;660.543333333333;16752.7462560678;127.569631605472;5.26666666666666;9.7263174794001;1.71550191035801
1996Q4;81.18;112850.03125;4482.2;39.7180436874726;270.861333333333;553.615460343918;726.793333333333;18298.8200288064;135.180261932659;5.33333333333333;9.81459185745044;1.72878467006667
1997Q1;81.8199999999999;113630.59375;4554.7;40.0832326152541;271.588666666666;554.381053044359;785.59;19598.9681655824;141.996384596136;5.23333333333333;9.88323219921969;1.7088008796854
1997Q2;83.55;114350.15625;4617.89999999999;40.3836855218174;272.349;563.464147860073;824.436666666666;20415.0922832752;146.896937763314;5;9.92402972410962;1.66073120682165
1997Q3;84.37;115082.78125;4695.2;40.7982170599627;273.234;565.043137696887;929.85;22791.4371511227;159.368092041323;4.86666666666666;10.0341401808536;1.63230000965964
1997Q4;84.8;115828.46875;4794.7;41.3945285332132;274.116666666666;561.549899395095;950.816666666666;22969.6218403302;160.042091295982;4.66666666666666;10.0419278323491;1.5882357047835
1998Q1;85.7099999999999;116692.53125;4898.39999999999;41.9767184956106;274.837;561.174863453492;1021.31;24330.3916218891;167.090979061511;4.63333333333333;10.0994815319032;1.58071762606867
1998Q2;88.3;117422.21875;4982;42.4278818034448;275.568;573.506226700773;1109.67;26154.2634897673;177.466670337256;4.4;10.1717674959652;1.52660190685495
1998Q3;90.1;118122.84375;5065.39999999999;42.882282380668;276.415666666666;580.777192444733;1083.94666666666;25277.2615283024;173.431950960927;4.53333333333333;10.1376605167722;1.55785054364361
1998Q4;90.81;118794.40625;5147.1;43.3275923322846;277.268666666666;581.125473737402;1122.31666666666;25903.0471404798;176.711216881709;4.43333333333333;10.162115890979;1.53449784832647
1999Q1;92.08;119346.28125;5246.39999999999;43.9593232856099;277.993333333333;582.302551998399;1259.00333333333;28640.1891392506;191.029458033587;4.3;10.2625662250769;1.5025669102287
1999Q2;94.75;119995.96875;5297.89999999999;44.150535731484;278.723;598.158183416279;1329.79333333333;30119.5288188779;199.868386519162;4.26666666666666;10.3129290383279;1.49443651973959
1999Q3;97.03;120652.84375;5372;44.5241977237228;279.6;609.322332281917;1342.21666666666;30145.7799418476;200.81206032159;4.23333333333333;10.3138002235975;1.48624521346739
1999Q4;98.29;121316.90625;5499.39999999999;45.3303323882536;280.463333333333;608.130132319009;1373.23;30293.8436064908;201.495795320417;4.06666666666666;10.3186997895494;1.44434034327403
2000Q1;100;122398.78125;5692.1;46.5042333285687;281.191666666666;604.658213973658;1418.89;30510.985741342;202.373914725274;4.03333333333333;10.325842085984;1.43576244097266
2000Q2;103.77;122912.96875;5731.4;46.629621656856;281.885333333333;627.310280474882;1447.26666666666;31037.4953783025;206.749509245507;3.93333333333333;10.3429512809095;1.40961503389429
2000Q3;106.33;123270.09375;5845.8;47.4226069404155;282.656666666666;633.767000714011;1475.50333333333;31113.9228424797;207.613752932517;4;10.3454106778111;1.42711635564015
2000Q4;107.9;123470.15625;5886.1;47.6722393563676;283.45;641.552723617017;1366.37;28661.7540616433;195.425383038055;3.9;10.2633189019394;1.40075742314745
2001Q1;109.27;123330.5;5993.9;48.6003288066195;284.135666666666;638.833214898699;1275.74333333333;26249.6852317503;182.686004642278;4.23333333333333;10.1754092767765;1.48624521346739
2001Q2;112.69;123289.5;5979.9;48.5029098338588;284.817666666666;661.735614762251;1232.97333333333;25420.6054349469;180.030633209035;4.4;10.1433153617276;1.52660190685495
2001Q3;115.5;123164.5;5965.8;48.4376643929669;285.574;680.953497931028;1142.53;23587.6360744986;171.888645487806;4.83333333333333;10.0684779585843;1.62507680631855
2001Q4;116.23;122955.5;5977.7;48.6168871045195;286.336333333333;684.553742648806;1117.06666666666;22976.9270143751;168.973256068259;5.5;10.0422458181082;1.76131844372682
2002Q1;118;122360.9375;6038.4;49.3492569943816;286.990666666666;686.229149721993;1131.55666666666;22929.5583274027;168.848070827394;5.7;10.0401821138872;1.79915517118918
2002Q2;122.24;122104.5625;6101.3;49.9678974163316;287.628;703.644710663938;1068.4;21381.7281743538;162.058499087643;5.83333333333333;9.97029201266661;1.82369251633106
2002Q3;126.13;121884.8125;6128.8;50.2835882809675;288.361;723.316974253537;894.65;17792.087450104;144.814671979072;5.73333333333333;9.78650911217447;1.80533963578508
2002Q4;128.58;121701.6875;6174.7;50.736451349981;289.096333333333;732.648925002396;887.913333333333;17500.5013103595;143.973124091543;5.86666666666666;9.76998480580756;1.82974458241311
2003Q1;130.48;121380.34375;6255.8;51.5389090087858;289.714333333333;733.463841985658;859.833333333333;16683.1884855529;139.782015900438;5.86666666666666;9.72215681385292;1.82974458241311
2003Q2;134.2;121340.40625;6346.3;52.301615927911;290.351666666666;745.009364918544;937.996666666666;17934.372581519;147.12291450751;6.13333333333333;9.79447440644502;1.87703322631914
2003Q3;138.41;121407.03125;6425.6;52.9260511992466;291.071;761.196730100535;1000.50333333333;18903.7971029959;153.334268521847;6.13333333333333;9.84711808578946;1.87703322631914
2003Q4;142.29;121580.21875;6502.6;53.4839718243773;291.796333333333;776.301737768021;1056.42333333333;19752.148116491;158.837785846381;5.83333333333333;9.89101752980669;1.82369251633106
2004Q1;146.26;121952.3125;6539.8;53.6257940046208;292.373666666666;797.425441998711;1133.28666666666;21133.2379818751;167.546696962257;5.7;9.95860233984837;1.79915517118918
2004Q2;152.92;122301.6875;6636.4;54.262371933949;292.999666666666;825.719691745252;1122.96666666666;20695.1267820285;167.31419297973;5.59999999999999;9.93765353037951;1.78039571057774
2004Q3;158.53;122720.6875;6756.3;55.054114727293;293.717666666666;845.768966176528;1104.15;20055.7216380526;165.438848772436;5.43333333333333;9.9062697605063;1.748417951986
2004Q4;163.06;123209.3125;6841.2;55.524879625897;294.463333333333;864.75092709501;1161.78666666666;20923.7133784762;171.324801597045;5.43333333333333;9.94863840617818;1.748417951986
2005Q1;169.19;123936.625;6921.1;55.8437233548426;295.102;894.071963338568;1191.98;21344.9234469183;175.635004873354;5.3;9.96856921272128;1.72216300635413
2005Q2;176.7;124496.875;7003.6;56.255033964498;295.71;928.840555548783;1181.65333333333;21005.2905501588;176.382683027003;5.09999999999999;9.95252961593623;1.68158702010249
2005Q3;183.08;125059.125;7128.4;57.0000530896683;296.444333333333;952.157508718251;1224.14333333333;21476.178827546;180.517117783569;4.96666666666666;9.97469963836316;1.65369140302088
2005Q4;186.97;125623.375;7207.1;57.3704645810577;297.203333333333;968.583880906561;1230.46666666666;21447.7375362397;181.556849777991;4.96666666666666;9.97337444262718;1.65369140302088
2006Q1;188.66;126331.8125;7353.7;58.2092065558238;297.853666666666;965.364004737686;1283.04;22041.8740593816;184.413562651319;4.73333333333333;10.0006992895695;1.60311988509954
2006Q2;189.93;126843.1875;7419.9;58.496555633574;298.505333333333;969.204380427826;1281.78333333333;21912.1163536961;184.016481744151;4.63333333333333;9.99479502097336;1.58071762606867
2006Q3;188.11;127299.6875;7484.1;58.7910128898487;299.270999999999;957.55907310997;1288.37666666666;21914.5172593058;183.187010734241;4.63333333333333;9.9949045847438;1.58071762606867
2006Q4;186.44;127701.3125;7650.3;59.9075343311812;300.089666666666;933.917879912018;1389.48;23193.7437504717;188.129730220092;4.43333333333333;10.0516378553601;1.53449784832647
2007Q1;184.83;128232.90625;7756.4;60.4867137558672;300.799;919.155227946354;1425.30333333333;23563.9075894593;188.98724244571;4.5;10.0674714809508;1.55012133527768
2007Q2;183.17;128450.84375;7814.4;60.8356912174973;301.492;907.76135743349;1496.32333333333;24596.1425503285;193.531087404149;4.5;10.1103449027278;1.55012133527768
2007Q3;180.01;128539.96875;7868.5;61.2144139738621;302.272333333333;888.876315087597;1490.81666666666;24354.0135384327;190.906627980683;4.66666666666666;10.1004519419686;1.5882357047835
2007Q4;170.75;128500.28125;7984.3;62.1344073597546;303.049333333333;832.802240585674;1494.09;24046.0972187166;185.251307531671;4.8;10.0877279845574;1.61780616210462
2008Q1;159.36;128958.03125;8082.2;62.6731114385666;303.708;772.243562974236;1350.44333333333;21547.4116784047;167.879750330742;4.96666666666666;9.97801098058774;1.65369140302088
2008Q2;155.93;128410.21875;8077.3;62.9024701864044;304.332;754.41375544353;1371.64666666666;21805.9268992448;167.93493439464;5.3;9.98993708793772;1.72216300635413
2008Q3;150.48;127483.09375;8082.9;63.4038657410511;305.050666666666;723.994093790391;1251.91666666666;19745.1157281109;155.019374767222;6.03333333333333;9.89066143483859;1.8595297261398
2008Q4;139.41;126176.65625;8000.7;63.4083838382681;305.781333333333;672.292417809151;909.8;14348.2603549804;123.2176956535;6.9;9.57138398422077;2.00301741330828
2009Q1;129.17;124490.90625;7797.7;62.6369470585184;306.399333333333;631.857134570932;809.313333333333;12920.7020989901;112.870921744227;8.19999999999999;9.46658611788722;2.18969204263185
2009Q2;133.19;122425.84375;7819;63.8688440237925;306.992333333333;640.19177897497;892.226666666666;13969.6698805805;118.928148998909;9.26666666666666;9.54464382137627;2.32366911646732
2009Q3;137.51;119981.46875;7798.7;65.0016111121326;307.69;650.913895457319;996.7;15333.4660933345;126.795098326904;9.66666666666666;9.63779304502659;2.37034719509486
2009Q4;136;117157.78125;7831.4;66.8486583470503;308.413333333333;627.450338877057;1088.70333333333;16286.0910039696;130.052332721453;9.96666666666666;9.69806670987647;2.40423640558616
2010Q1;132.1;119785.209279299;7858.1;65.6015350256326;309.024;622.273097482392;1121.59666666666;17097.1100939698;133.89531743662;9.69999999999999;9.74666472785594;2.37415861107449
2010Q2;138.25;120290.258468647;7969.9;66.2555202527125;309.615666666666;646.049804656302;1135.24666666666;17134.3710280531;135.808130222527;9.63333333333333;9.74884172678078;2.36652402460186
2010Q3;135.67;120231.932881844;8036.2;66.8391873930041;310.313;629.872479784315;1096.38666666666;16403.351228974;130.837206679071;9.56666666666666;9.70524093616718;2.35884208908878
2010Q4;130.93;120426.555113628;8100.3;67.2633107088099;311.036666666666;605.441961412891;1204;17899.8028392067;136.852428574027;9.63333333333333;9.79254497719873;2.36652402460186
2011Q1;125.55;120745.951514695;8200;67.9109700343399;312.552531000001;577.829623803158;1308.29666666666;19264.8796800444;141.954456137199;8.9;9.86603901152009;2.27926365846027
