Date,^FCHI prices
2014-08-21,4292.930176
2009-05-13,3152.899902
2014-08-28,4366.040039
2011-06-17,3823.73999
2011-06-20,3799.6599119999996
2011-11-01,3068.330078
2011-01-28,4002.320068
2012-07-25,3081.73999
2015-10-21,4695.100098
2007-12-19,5497.419922
2012-06-05,2986.100098
2012-08-29,3413.889893
2010-04-26,3997.389893
2014-07-04,4468.97998
2015-10-09,4701.390136999999
2010-01-11,4043.0900880000004
2007-09-17,5439.370117
2011-07-06,3961.3400880000004
2013-10-16,4243.720215
2016-01-21,4206.399902
2013-06-18,3860.5500490000004
2016-03-22,4431.970215
2012-10-12,3389.080078
2007-02-14,5725.839844
2007-08-01,5654.299805
2012-01-30,3265.639893
2013-03-26,3748.639893
2016-06-21,4367.240234000001
2012-05-18,3008.0
2015-11-10,4912.160156
2014-09-08,4474.930176
2007-02-01,5662.25
2015-06-09,4850.220215
2008-03-04,4675.910156
2007-07-19,6065.5
2010-06-14,3626.040039
2013-01-14,3708.25
2013-10-25,4272.310059
2010-04-12,4050.5
2007-07-27,5643.959961
2012-01-27,3318.76001
2008-05-27,4906.560059
2008-10-07,3732.219971
2011-08-03,3454.9399409999996
2011-09-26,2859.340088
2008-06-03,4983.709961
2013-06-28,3738.9099119999996
2016-03-16,4463.0
2012-07-13,3180.810059
2008-07-01,4341.209961
2007-08-03,5597.890136999999
2009-09-23,3821.790039
2010-10-06,3764.9099119999996
2014-07-28,4344.77002
2011-04-29,4106.919922
2013-10-29,4278.089844
2009-11-05,3708.7299799999996
2007-04-03,5711.910156
2007-12-27,5627.47998
2016-01-08,4333.759765999999
2007-03-13,5432.939941
2012-07-26,3207.1201170000004
2016-01-27,4380.359863000001
2007-10-09,5861.930176
2012-03-19,3577.8798829999996
2010-01-25,3781.850098
2013-01-15,3697.350098
2011-01-04,3916.030029
2008-03-27,4719.529785
2010-07-29,3651.9099119999996
2011-05-12,4023.290039
2008-08-27,4373.080078
2016-03-29,4366.669922
2008-05-08,5055.580078
2009-10-08,3806.8100590000004
2006-11-03,5336.299805
2009-10-15,3883.830078
2006-10-18,5361.290039
2008-11-18,3217.399902
2008-11-06,3387.25
2014-02-18,4330.709961
2007-08-07,5620.399902
2010-08-12,3621.070068
2006-11-23,5424.859863000001
2013-02-15,3660.3701170000004
2009-11-02,3639.459961
2009-10-09,3799.610107
2010-09-09,3722.149902
2008-10-21,3475.399902
2008-08-26,4368.549805
2009-05-15,3169.050049
2016-03-15,4472.629883
2012-02-07,3411.540039
2010-07-09,3554.4799799999996
2012-03-22,3472.459961
2012-10-22,3483.25
2010-05-25,3331.290039
2008-12-01,3080.429932
2007-03-19,5458.950195
2007-12-31,5614.080078
2007-12-28,5627.25
2008-03-05,4756.419922
2007-11-26,5458.390136999999
2011-03-03,4060.76001
2012-12-28,3620.25
2011-02-07,4090.8000490000004
2016-05-03,4371.97998
2007-04-11,5751.919922
2016-04-25,4546.120117
2006-10-05,5288.529785
2008-10-29,3402.570068
2015-03-10,4881.950195
2008-05-07,5075.310059
2014-05-28,4531.629883
2011-03-24,3968.8400880000004
2010-05-26,3408.5900880000004
2008-11-13,3269.459961
2009-10-22,3820.850098
2013-09-16,4152.220215
2009-06-23,3116.820068
2011-12-15,2998.72998
2009-10-28,3663.780029
2007-09-03,5651.27002
2015-01-23,4640.689941
2009-08-20,3505.320068
2012-01-31,3298.550049
2012-02-20,3472.540039
2009-06-02,3378.040039
2008-05-26,4937.839844
2008-06-11,4660.910156
2008-11-26,3169.850098
2009-04-03,2958.73999
2011-07-07,3979.959961
2011-08-05,3278.560059
2014-06-23,4515.569824
2015-08-28,4675.129883
2011-02-23,4013.1201170000004
2007-01-15,5631.080078
2009-10-07,3756.4099119999996
2012-11-26,3500.9399409999996
2009-08-10,3504.540039
2007-04-19,5829.040039
2015-10-14,4609.029785
2014-11-21,4347.22998
2016-04-11,4312.629883
2012-04-11,3237.689941
2014-01-20,4322.859863000001
2012-10-29,3408.889893
2015-08-10,5195.410156
2007-09-20,5688.759765999999
2010-07-02,3348.3701170000004
2012-09-13,3502.0900880000004
2014-03-11,4349.720215
2011-10-17,3166.060059
2014-04-16,4405.660156
2007-04-10,5766.27002
2008-09-17,4000.110107
2009-03-24,2874.389893
2013-01-10,3703.1201170000004
2008-01-30,4873.569824
2012-12-05,3590.5
2008-03-20,4533.720215
2011-07-20,3754.600098
2010-08-19,3572.399902
2013-11-01,4273.189941
2008-12-09,3297.800049
2016-02-26,4314.569824
2015-05-12,4974.649902
2010-01-26,3807.040039
2011-09-15,3045.6201170000004
2011-02-15,4110.339844
2010-04-09,4050.540039
2011-11-21,2894.939941
2014-05-05,4462.689941
2008-07-08,4275.609863000001
2012-03-09,3487.4799799999996
2014-10-20,3991.23999
2014-09-10,4450.790039
2007-03-28,5552.689941
2008-10-20,3448.51001
2008-02-14,4858.649902
2010-12-30,3850.76001
2014-10-17,4033.179932
2007-04-13,5789.339844
2009-08-05,3458.530029
2006-11-20,5454.740234000001
2006-10-19,5359.740234000001
2014-07-22,4369.52002
2007-06-11,5940.089844
2014-04-23,4451.080078
2007-10-17,5818.799805
2015-08-19,4884.100098
2012-02-02,3376.6599119999996
2008-05-20,5054.879883
2016-09-21,4409.549805
2006-12-08,5384.160156
2008-07-10,4231.560059
2012-08-17,3488.3798829999996
2014-06-17,4536.069824
2011-04-28,4104.899902
2014-01-15,4332.069824
2007-09-24,5692.490234000001
2015-05-04,5081.970215
2013-07-19,3925.320068
2015-06-29,4869.819824
2015-06-05,4920.740234000001
2013-08-27,3968.7299799999996
2015-12-10,4635.060059
2013-05-15,3982.2299799999996
2007-01-12,5617.620117
2012-06-26,3012.709961
2014-10-14,4088.25
2014-02-06,4188.100098
2008-04-30,4996.540039
2006-12-27,5540.009765999999
2009-05-05,3225.0
2008-06-18,4618.75
2008-07-16,4112.450195
2008-08-29,4482.600098
2012-01-12,3199.97998
2008-02-15,4771.790039
2007-05-14,6026.419922
2014-01-07,4262.680176
2015-05-29,5007.890136999999
2011-09-07,3073.179932
2014-12-02,4388.299805
2014-04-04,4484.549805
2007-05-18,6101.140136999999
2016-01-28,4322.160156
2008-06-12,4672.299805
2012-06-22,3090.899902
2012-09-26,3414.8400880000004
2011-12-09,3172.350098
2015-01-30,4604.25
2009-01-28,3076.01001
2008-11-04,3691.0900880000004
2015-04-10,5240.459961
2010-10-14,3819.169922
2013-09-23,4172.080078
2014-03-18,4313.259765999999
2014-06-26,4439.629883
2009-09-28,3825.0
2010-03-05,3910.419922
2011-06-08,3837.9799799999996
2014-02-05,4117.790039
2015-04-14,5218.060059
2015-05-06,4981.589844
2013-03-22,3770.290039
2008-10-10,3176.48999
2009-11-09,3785.48999
2012-12-13,3643.1298829999996
2008-12-16,3251.659912
2015-03-03,4869.25
2013-04-16,3685.790039
2015-11-06,4984.149902
2009-01-12,3246.1201170000004
2014-02-13,4312.799805
2010-01-15,3954.3798829999996
2009-04-22,3025.23999
2013-03-08,3840.149902
2015-08-24,4383.459961
2007-04-18,5835.950195
2009-02-09,3134.8701170000004
2012-11-23,3528.8000490000004
2015-09-23,4432.830078
2011-06-29,3924.2299799999996
2012-09-27,3439.320068
2014-03-04,4395.899902
2013-05-16,3979.070068
2013-02-20,3709.8798829999996
2007-05-11,6050.629883
2014-07-16,4369.060059
2010-06-03,3557.3400880000004
2009-07-13,3052.080078
2014-08-20,4240.790039
2007-06-14,6047.22998
2014-09-25,4355.279785
2012-08-07,3453.280029
2007-08-08,5749.290039
2011-05-09,4007.26001
2013-08-02,4045.649902
2011-05-13,4018.850098
2013-04-22,3652.1298829999996
2008-06-24,4473.759765999999
2006-11-07,5437.779785
2015-11-27,4930.140136999999
2011-11-04,3123.550049
2007-08-20,5399.379883
2016-05-31,4505.620117
2012-04-05,3319.810059
2013-02-28,3723.0
2014-09-09,4452.370117
2012-12-03,3566.5900880000004
2007-06-13,5934.27002
2012-03-21,3527.3701170000004
2016-03-03,4416.080078
2010-11-11,3867.350098
2007-09-26,5690.77002
2007-04-20,5938.899902
2012-07-19,3263.639893
2016-09-20,4388.600098
2007-01-30,5645.589844
2012-04-12,3269.790039
2013-08-22,4059.1201170000004
2007-11-15,5561.129883
2013-05-10,3953.830078
2015-03-30,5083.52002
2015-09-29,4343.72998
2008-12-17,3241.919922
2010-01-04,4013.969971
2015-07-09,4757.220215
2012-05-16,3048.669922
2011-08-19,3016.98999
2010-03-31,3974.01001
2016-06-15,4171.580078
2016-09-27,4398.680176
2013-07-24,3962.75
2010-04-19,3970.469971
2009-02-24,2708.050049
2009-12-04,3846.6201170000004
2008-10-01,4054.540039
2011-09-02,3148.530029
2013-11-05,4253.339844
2007-01-11,5609.799805
2008-11-17,3182.030029
2007-09-11,5478.939941
2014-02-28,4408.080078
2015-04-17,5143.259765999999
2014-04-08,4424.830078
2009-01-19,2989.689941
2016-07-01,4273.959961
2016-08-22,4389.939941
2008-09-04,4304.009765999999
2015-10-07,4667.339844
2011-11-23,2822.429932
2010-10-20,3828.149902
2010-07-21,3493.919922
2016-01-05,4537.629883
2012-09-28,3354.820068
2014-05-09,4477.279785
2009-09-30,3795.4099119999996
2011-08-18,3076.040039
2009-07-29,3365.6201170000004
2011-07-05,3978.830078
2010-08-02,3752.030029
2009-03-27,2840.6201170000004
2012-05-24,3038.25
2016-06-16,4153.009765999999
2009-01-27,2954.530029
2014-09-22,4442.549805
2008-01-07,5452.830078
2015-10-19,4704.069824
2008-06-27,4397.319824
2009-05-20,3303.3701170000004
2013-01-21,3763.030029
2007-09-21,5700.649902
2011-09-16,3031.080078
2014-05-08,4507.240234000001
2012-05-22,3084.090088
2007-03-27,5587.060059
2014-06-20,4541.339844
2010-06-23,3641.790039
2006-11-09,5448.600098
2015-12-09,4637.450195
2016-02-04,4228.529785
2013-10-01,4196.600098
2014-11-17,4226.100098
2014-08-18,4230.649902
2015-01-29,4631.430176
2007-11-09,5524.180176
2015-08-20,4783.549805
2015-02-06,4691.029785
2009-07-22,3305.070068
2015-05-19,5117.299805
2014-06-05,4548.72998
2016-09-30,4448.259765999999
2010-05-19,3511.669922
2012-11-12,3411.649902
2015-02-23,4862.299805
2016-04-22,4569.660156
2009-06-22,3123.25
2008-04-01,4866.0
2009-11-25,3809.1599119999996
2015-03-19,5037.180176
2006-10-16,5361.970215
2008-06-02,4935.209961
2013-04-02,3805.3701170000004
2016-02-08,4066.3100590000004
2014-10-07,4209.140136999999
2011-06-07,3871.919922
2009-11-27,3721.4499509999996
2007-11-27,5434.169922
2011-05-11,4058.080078
2008-11-19,3087.889893
2007-08-23,5523.330078
2016-01-15,4210.160156
2015-11-11,4952.509765999999
2014-04-24,4479.540039
2010-04-08,3978.459961
2016-03-30,4444.419922
2011-07-27,3734.070068
2007-12-13,5590.910156
2012-01-06,3137.360107
2007-01-23,5575.069824
2013-06-17,3863.6599119999996
2012-08-02,3232.459961
2016-05-18,4319.299805
2008-08-21,4304.609863000001
2007-10-10,5838.490234000001
2010-02-08,3607.2700200000004
2008-09-09,4293.339844
2012-05-23,3003.27002
2013-06-27,3762.1899409999996
2010-03-30,3987.4099119999996
2011-05-25,3928.98999
2013-05-21,4036.179932
2007-02-07,5703.0
2013-10-14,4222.959961
2014-08-26,4393.410156
2011-12-14,2976.169922
2011-05-06,4058.01001
2007-06-05,6078.540039
2014-12-31,4272.75
2015-03-02,4917.319824
2013-12-04,4148.52002
2008-02-12,4840.709961
2014-12-01,4377.330078
2015-05-26,5083.540039
2008-02-18,4861.799805
2013-01-09,3717.4499509999996
2011-08-30,3159.73999
2015-10-06,4660.640136999999
2008-02-21,4858.850098
2010-05-07,3392.5900880000004
2012-08-21,3513.280029
2014-05-23,4493.149902
2016-01-06,4480.470215
2013-11-19,4272.290039
2016-05-06,4301.240234000001
2016-08-16,4460.439941
2013-02-13,3698.530029
2010-12-17,3867.350098
2014-12-08,4375.47998
2016-08-29,4424.25
2016-07-12,4331.379883
2013-07-03,3702.01001
2008-02-07,4723.799805
2013-01-08,3705.8798829999996
2010-01-18,3977.459961
2010-09-17,3722.0200200000004
2011-10-27,3368.6201170000004
2009-10-16,3827.600098
2014-07-24,4410.649902
2012-10-19,3504.5600590000004
2007-08-30,5592.529785
2007-09-14,5538.919922
2008-06-04,4915.069824
2013-12-13,4059.709961
2008-08-12,4518.47998
2013-07-15,3878.580078
2008-11-25,3209.560059
2008-05-30,5014.279785
2009-08-03,3477.8000490000004
2010-11-18,3867.969971
2008-12-15,3185.659912
2007-10-19,5740.47998
2016-06-13,4227.02002
2011-07-21,3816.75
2007-09-28,5715.689941
2007-02-20,5713.450195
2010-08-31,3490.790039
2008-05-15,5057.509765999999
2008-04-21,4910.350098
2016-07-20,4379.759765999999
2006-12-06,5350.620117
2013-10-09,4127.049805
2012-03-29,3381.1201170000004
2008-04-11,4797.930176
2010-03-03,3842.5200200000004
2007-08-29,5520.02002
2014-12-17,4111.910156
2009-03-31,2807.340088
2012-05-14,3057.98999
2009-04-27,3102.429932
2013-05-30,3996.3100590000004
2013-12-24,4218.410156
2007-10-30,5803.930176
2016-07-05,4163.419922
2009-08-12,3507.23999
2012-03-12,3490.0600590000004
2015-09-21,4585.5
2016-06-20,4340.759765999999
2007-05-08,6034.25
2008-06-10,4761.080078
2014-11-10,4222.819824
2007-07-03,6069.839844
2013-02-01,3773.530029
2014-02-25,4414.549805
2014-08-01,4202.779785
2007-11-20,5506.680176
2008-01-04,5446.790039
2008-06-17,4686.330078
2013-10-15,4256.02002
2009-07-08,3009.709961
2010-09-13,3767.149902
2011-08-04,3320.350098
2008-07-09,4339.660156
2014-07-23,4376.319824
2011-10-04,2850.550049
2011-08-29,3154.199951
2015-04-16,5224.490234000001
2007-03-09,5537.839844
2013-07-29,3968.9099119999996
2012-09-24,3497.219971
2010-07-28,3670.360107
2006-11-13,5490.560059
2016-08-08,4415.459961
2015-10-05,4616.899902
2016-09-15,4373.220215
2010-03-25,4000.4799799999996
2014-09-16,4409.149902
2016-03-11,4492.790039
2006-10-09,5284.740234000001
2014-08-29,4381.040039
2014-05-16,4456.279785
2009-10-27,3743.9499509999996
2011-05-27,3950.9799799999996
2013-09-04,3980.419922
2011-01-06,3904.419922
2007-03-02,5424.700195
2007-10-31,5847.950195
2013-04-24,3842.9399409999996
2014-08-04,4217.220215
2009-03-17,2767.280029
2011-05-04,4043.1298829999996
2016-04-26,4533.180176
2015-01-19,4394.930176
2014-02-10,4237.129883
2007-12-24,5614.279785
2012-07-12,3135.179932
2015-02-02,4627.669922
2012-05-08,3124.800049
2008-07-24,4347.990234000001
2010-12-15,3880.1899409999996
2009-09-10,3705.8701170000004
2011-12-21,3030.469971
2009-06-15,3219.580078
2006-10-10,5309.790039
2008-06-09,4799.379883
2015-03-31,5033.640136999999
2015-10-01,4426.540039
2014-07-01,4461.120117
2012-02-01,3367.459961
2012-12-10,3612.100098
2011-12-19,2974.199951
2015-04-27,5268.910156
2013-01-24,3752.169922
2008-07-03,4343.990234000001
2012-05-15,3039.27002
2010-08-23,3553.2299799999996
2014-07-07,4405.759765999999
2013-03-15,3844.030029
2014-07-14,4350.040039
2012-03-27,3469.5900880000004
2007-05-31,6104.0
2010-12-07,3810.5
2010-08-10,3730.580078
2012-08-14,3450.2700200000004
2009-09-09,3707.6899409999996
2011-04-14,3970.389893
2011-12-27,3103.110107
2014-01-10,4250.600098
2008-03-07,4618.959961
2014-10-02,4242.669922
2008-05-16,5078.040039
2010-01-08,4045.139893
2014-06-19,4563.040039
2010-10-12,3748.860107
2010-05-31,3507.5600590000004
2009-06-16,3213.949951
2006-11-17,5439.709961
2015-12-23,4674.529785
2008-11-12,3233.959961
2012-09-21,3530.719971
2016-08-12,4500.189941
2009-01-30,2973.919922
2009-02-19,2872.600098
2006-10-25,5422.279785
2015-02-19,4833.279785
2010-04-28,3787.0
2013-12-19,4154.27002
2014-03-17,4271.959961
2011-02-25,4070.3798829999996
2011-04-18,3881.23999
2008-10-02,3963.280029
2014-09-17,4431.410156
2013-06-04,3925.830078
2016-06-03,4421.779785
2013-02-27,3691.48999
2011-02-17,4152.310059
2014-01-30,4180.02002
2008-08-14,4420.910156
2008-09-19,4324.870117
2008-10-30,3407.820068
2011-08-17,3254.340088
2010-11-03,3842.9399409999996
2009-08-25,3680.610107
2010-06-10,3516.639893
2015-09-24,4347.240234000001
2013-04-30,3856.75
2014-10-06,4286.52002
2011-05-10,4052.51001
2009-04-14,3000.219971
2014-12-05,4419.47998
2012-04-13,3189.090088
2009-10-26,3744.4499509999996
2011-05-18,3978.0
2014-11-18,4262.379883
2016-05-25,4481.640136999999
2010-09-15,3755.639893
2011-09-22,2781.679932
2012-03-26,3501.9799799999996
2015-03-11,4997.75
2008-01-23,4636.759765999999
2016-06-22,4380.029785
2008-05-22,5028.740234000001
2009-03-05,2569.6298829999996
2014-06-11,4555.109863000001
2012-12-20,3666.7299799999996
2007-06-19,6071.669922
2010-07-13,3637.76001
2009-08-04,3476.3701170000004
2007-06-15,6105.279785
2007-01-19,5614.700195
2008-11-11,3336.409912
2010-10-28,3834.8400880000004
2015-10-30,4897.660156
2014-03-12,4306.259765999999
2012-04-24,3169.320068
2007-05-03,6004.279785
2007-04-23,5917.319824
2008-01-16,5225.390136999999
2014-04-03,4449.330078
2013-05-17,4001.2700200000004
2011-07-15,3726.5900880000004
2009-07-28,3330.969971
2013-07-11,3868.9799799999996
2012-01-26,3363.2299799999996
2008-01-15,5250.819824
2016-09-28,4432.450195
2007-07-04,6098.080078
2008-01-29,4941.450195
2009-07-02,3116.409912
2014-03-31,4391.5
2009-08-07,3521.139893
2010-04-14,4057.6999509999996
2016-06-02,4466.0
2007-07-13,6117.959961
2012-06-07,3071.159912
2011-08-16,3230.899902
2016-06-10,4306.720215
2016-06-28,4088.850098
2016-07-07,4117.850098
2009-05-04,3237.969971
2014-12-24,4295.850098
2015-05-11,5027.870117
2014-10-30,4141.240234000001
2007-03-30,5634.160156
2013-11-11,4290.140136999999
2013-03-28,3731.419922
2010-05-14,3560.360107
2013-06-24,3595.6298829999996
2007-07-16,6125.600098
2010-09-06,3684.7299799999996
2010-10-22,3868.540039
2009-09-14,3730.610107
2011-06-15,3806.850098
2014-09-04,4494.939941
2015-11-02,4916.209961
2013-08-19,4083.9799799999996
2007-01-09,5533.029785
2009-01-08,3324.330078
2015-02-12,4726.200195
2007-11-01,5730.919922
2010-11-01,3841.110107
2008-09-05,4196.660156
2010-12-20,3885.080078
2012-05-29,3084.699951
2008-03-11,4627.689941
2011-01-10,3802.030029
2015-10-23,4923.640136999999
2008-04-17,4862.140136999999
2012-09-04,3399.040039
2012-11-07,3409.5900880000004
2013-03-27,3711.639893
2013-04-04,3726.1599119999996
2016-01-13,4391.939941
2014-03-14,4216.370117
2012-02-16,3393.25
2015-02-27,4951.47998
2013-07-10,3840.530029
2010-07-05,3332.459961
2011-08-31,3256.76001
2009-06-09,3296.72998
2012-01-23,3338.419922
2011-08-26,3087.639893
2013-07-30,3986.610107
2008-06-25,4536.290039
2010-03-12,3927.399902
2014-01-28,4185.290039
2014-02-04,4117.450195
2014-04-22,4484.209961
2009-05-27,3294.860107
2008-06-13,4682.299805
2009-02-16,2962.219971
2009-12-08,3785.3000490000004
2011-10-03,2926.830078
2006-12-05,5359.689941
2009-12-23,3910.75
2010-11-25,3760.419922
2007-04-25,5947.330078
2009-10-12,3845.8000490000004
2010-09-29,3737.1201170000004
2015-01-15,4323.200195
2014-07-10,4301.259765999999
2007-10-11,5862.830078
2015-02-03,4677.899902
2009-09-24,3758.360107
2016-02-24,4155.339844
2014-10-13,4078.6999509999996
2015-02-13,4759.359863000001
2016-03-09,4425.649902
2007-07-11,6001.089844
2009-02-26,2744.840088
2015-07-01,4883.189941
2007-07-06,6102.689941
2008-10-22,3298.179932
2008-07-28,4324.450195
2014-01-21,4323.870117
2011-09-23,2810.110107
2007-09-27,5733.370117
2010-11-09,3945.709961
2010-05-03,3828.459961
2012-11-30,3557.280029
2011-03-04,4020.209961
2014-08-11,4197.700195
2015-04-20,5187.589844
2009-07-24,3366.4499509999996
2011-02-08,4108.27002
2013-06-25,3649.820068
2014-11-27,4382.339844
2008-09-12,4332.660156
2009-08-27,3648.530029
2012-07-27,3280.189941
2010-06-04,3455.610107
2009-12-31,3936.330078
2012-01-09,3127.689941
2012-08-22,3461.649902
2007-10-01,5773.259765999999
2016-07-28,4420.580078
2015-01-12,4228.240234000001
2007-10-12,5843.950195
2013-10-21,4276.919922
2006-11-30,5327.640136999999
2012-01-24,3322.649902
2006-10-06,5282.060059
2015-06-15,4815.359863000001
2010-11-04,3916.780029
2011-10-20,3084.070068
2013-10-30,4274.109863000001
2014-01-29,4156.97998
2014-09-30,4416.240234000001
2016-05-27,4514.740234000001
2013-08-23,4069.469971
2008-05-28,4971.109863000001
2013-11-21,4253.899902
2015-04-24,5201.450195
2014-06-30,4422.839844
2010-06-30,3442.889893
2009-06-10,3315.27002
2015-01-07,4112.72998
2014-11-03,4194.029785
2011-03-28,3976.9499509999996
2015-09-11,4548.720215
2010-05-18,3617.320068
2007-11-12,5535.560059
2008-09-29,3953.4799799999996
2007-08-09,5624.779785
2013-02-05,3694.6999509999996
2010-12-16,3888.360107
2011-06-21,3877.070068
2007-08-16,5265.470215
2016-05-30,4529.399902
2014-01-08,4260.959961
2016-02-29,4353.549805
2014-09-29,4358.069824
2016-06-09,4405.609863000001
2013-11-25,4301.970215
2007-10-02,5799.27002
2010-01-13,4000.860107
2011-05-16,3989.820068
2016-08-04,4345.629883
2010-09-20,3788.01001
2012-02-27,3441.4499509999996
2012-03-06,3362.5600590000004
2009-12-29,3959.9799799999996
2013-01-31,3732.600098
2013-12-12,4069.1201170000004
2013-03-20,3829.5600590000004
2011-09-20,2984.050049
2016-01-12,4378.75
2016-05-04,4324.22998
2010-11-08,3913.6999509999996
2014-11-04,4130.189941
2007-06-22,6023.25
2015-05-18,5012.310059
2015-07-27,4927.600098
2008-08-08,4491.850098
2013-09-02,4006.01001
2016-09-09,4491.399902
2007-04-04,5739.009765999999
2015-08-27,4658.180176
2014-12-03,4391.859863000001
2011-03-16,3696.5600590000004
2015-05-05,4974.069824
2007-01-05,5517.350098
2009-05-11,3248.669922
2009-06-25,3163.100098
2015-05-21,5146.700195
2010-05-04,3689.290039
2012-03-05,3487.540039
2010-05-12,3733.8701170000004
2008-12-10,3320.310059
2013-11-14,4283.910156
2011-12-01,3129.949951
2009-01-29,3009.75
2013-12-02,4285.810059
2011-12-20,3055.389893
2016-02-16,4110.660156
2011-11-30,3154.6201170000004
2008-11-05,3618.110107
2009-01-02,3349.689941
2007-05-07,6071.47998
2014-09-11,4440.899902
2011-02-11,4101.310059
2011-06-28,3851.889893
2014-07-11,4316.5
2010-02-19,3769.540039
2011-01-20,3964.8400880000004
2015-06-03,5034.169922
2015-11-30,4957.600098
2009-08-21,3615.8100590000004
2013-07-09,3843.5600590000004
2013-12-18,4109.509765999999
2011-01-17,3975.4099119999996
2006-11-27,5308.649902
2012-10-05,3457.040039
2013-10-22,4295.430176
2010-12-22,3919.709961
2010-12-13,3892.4399409999996
2012-01-20,3321.5
2011-02-09,4090.73999
2012-03-08,3478.360107
2010-08-26,3475.030029
2008-11-07,3469.1201170000004
2011-06-02,3889.8701170000004
2012-12-17,3638.100098
2016-06-17,4193.830078
2007-06-07,5890.490234000001
2008-01-18,5092.399902
2010-02-01,3762.01001
2011-09-01,3265.830078
2007-01-31,5608.310059
2011-01-05,3904.610107
2010-09-08,3677.209961
2014-08-14,4205.430176
2012-08-28,3431.5500490000004
2016-04-18,4506.839844
2009-11-17,3829.0600590000004
2012-04-26,3229.320068
2007-07-12,6103.049805
2011-05-26,3917.219971
2012-10-31,3429.2700200000004
2013-10-04,4164.25
2007-02-08,5665.100098
2013-05-07,3921.320068
2009-05-06,3283.51001
2015-09-08,4598.259765999999
2015-08-21,4630.990234000001
2016-02-05,4200.669922
2012-04-17,3292.51001
2015-05-13,4961.859863000001
2015-12-29,4701.359863000001
2013-06-05,3852.4399409999996
2013-12-10,4091.139893
2012-02-23,3447.3100590000004
2007-03-29,5631.529785
2014-05-29,4530.509765999999
2008-10-06,3711.9799799999996
2012-12-21,3661.399902
2013-03-05,3787.1899409999996
2013-07-05,3753.850098
2016-05-10,4338.209961
2015-11-12,4856.649902
2010-03-23,3952.5500490000004
2010-01-14,4015.7700200000004
2012-05-03,3223.360107
2009-10-23,3808.23999
2009-12-28,3947.149902
2011-11-16,3064.899902
2014-04-15,4345.350098
2009-04-21,2973.939941
2014-03-07,4366.419922
2007-04-30,5960.040039
2016-04-15,4495.169922
2016-05-24,4431.52002
2008-06-30,4434.850098
2007-12-10,5750.919922
2009-12-30,3935.5
2008-05-06,5040.919922
2014-03-24,4276.339844
2012-08-24,3433.209961
2011-04-01,4054.76001
2009-05-25,3236.159912
2016-09-23,4488.689941
2012-11-27,3502.1298829999996
2009-06-17,3161.139893
2010-02-02,3812.1298829999996
2012-06-01,2950.469971
2016-07-04,4234.859863000001
2010-12-06,3749.2299799999996
2013-08-20,4028.929932
2007-07-24,5907.470215
2007-10-29,5836.189941
2007-09-18,5549.350098
2009-11-03,3584.25
2008-08-22,4400.450195
2013-10-31,4299.890136999999
2012-01-10,3210.790039
2010-12-02,3747.040039
2015-11-03,4936.180176
2013-10-08,4133.529785
2011-06-23,3787.790039
2012-02-13,3384.5500490000004
2008-03-12,4697.100098
2009-07-27,3372.360107
2009-05-19,3274.959961
2009-08-17,3419.6899409999996
2015-07-13,4998.100098
2007-09-05,5551.549805
2012-09-03,3453.709961
2008-03-06,4678.049805
2015-04-09,5208.950195
2010-12-08,3831.9799799999996
2011-04-12,3976.600098
2009-10-14,3882.669922
2011-07-29,3672.7700200000004
2012-05-25,3047.939941
2014-05-19,4469.759765999999
2014-06-03,4503.689941
2011-11-09,3075.159912
2008-09-01,4472.129883
2007-06-27,5941.669922
2015-07-28,4977.319824
2008-02-04,4973.640136999999
2011-02-18,4157.140136999999
2010-06-21,3736.149902
2010-03-15,3890.9099119999996
2009-10-02,3649.899902
2014-09-26,4394.75
2013-09-06,4049.1899409999996
2014-05-22,4478.209961
2009-08-26,3668.3400880000004
2009-03-16,2791.659912
2010-08-13,3610.9099119999996
2008-12-24,3116.209961
2012-02-14,3375.639893
2007-03-15,5389.850098
2008-03-31,4707.069824
2008-02-27,4968.819824
2015-02-04,4696.299805
2014-11-05,4208.419922
2008-05-09,4960.560059
2008-03-18,4582.589844
2013-12-17,4068.639893
2015-06-22,4998.609863000001
2007-05-02,5990.129883
2009-09-17,3835.2700200000004
2010-10-13,3828.3400880000004
2013-09-17,4145.509765999999
2009-07-23,3373.719971
2007-08-17,5363.629883
2012-02-28,3453.98999
2016-05-26,4512.640136999999
2013-02-19,3735.820068
2010-06-08,3380.360107
2007-11-07,5683.220215
2016-05-16,4312.279785
2015-03-23,5054.52002
2008-03-14,4592.149902
2016-07-21,4376.25
2016-09-01,4439.669922
2012-06-18,3066.189941
2015-07-31,5082.609863000001
2015-02-16,4751.950195
2009-12-21,3872.0600590000004
2013-08-16,4123.890136999999
2013-02-14,3669.600098
2010-04-16,3986.6298829999996
2011-10-19,3157.340088
2009-04-15,2985.73999
2014-10-23,4157.680176
2012-02-09,3424.709961
2014-05-07,4446.439941
2007-09-13,5565.970215
2006-12-22,5453.939941
2007-12-04,5547.209961
2008-12-05,2988.01001
2011-10-12,3229.76001
2010-04-07,4026.969971
2016-07-14,4385.52002
2015-07-07,4604.640136999999
2014-04-17,4431.810059
2009-07-17,3218.459961
2011-11-18,2997.01001
2007-01-22,5579.779785
2014-03-20,4327.910156
2016-06-29,4195.319824
2012-04-03,3406.780029
2015-03-16,5061.160156
2008-02-28,4865.22998
2011-10-18,3141.100098
2008-02-25,4919.259765999999
2011-04-13,4006.2299799999996
2012-11-09,3423.570068
2006-12-19,5484.759765999999
2016-06-27,4030.280029
2015-04-02,5074.140136999999
2011-04-08,4061.9099119999996
2007-03-06,5437.129883
2012-05-11,3129.77002
2013-04-11,3775.6599119999996
2016-08-01,4409.169922
2010-02-15,3609.219971
2014-12-30,4245.540039
2008-02-13,4855.399902
2007-01-25,5609.200195
2011-04-05,4041.73999
2014-07-03,4489.879883
2014-04-14,4384.560059
2010-02-16,3669.040039
2014-07-15,4305.310059
2006-12-20,5514.419922
2009-03-09,2519.290039
2007-01-04,5574.560059
2012-03-28,3430.149902
2014-12-18,4249.490234000001
2012-04-20,3188.580078
2016-01-19,4272.259765999999
2013-01-28,3780.889893
2011-11-10,3064.840088
2007-03-01,5458.399902
2016-03-21,4427.799805
2016-04-14,4511.509765999999
2015-06-10,4934.910156
2011-05-23,3906.9799799999996
2013-04-17,3599.2299799999996
2010-09-16,3736.3000490000004
2012-09-05,3405.790039
2013-06-03,3920.669922
2012-12-11,3646.149902
2009-02-20,2750.550049
2009-02-04,3068.98999
2016-09-02,4542.169922
2010-03-01,3769.540039
2016-08-19,4400.52002
2009-04-07,2902.310059
2012-09-12,3543.790039
2007-05-17,6027.0
2012-09-10,3506.0500490000004
2015-12-24,4663.180176
2008-01-03,5546.080078
2011-03-09,3993.8100590000004
2010-09-14,3774.399902
2016-02-01,4392.330078
2014-01-06,4227.540039
2010-02-24,3715.679932
2009-08-06,3477.830078
2008-11-28,3262.679932
2013-07-16,3851.030029
2007-01-18,5555.040039
2007-11-08,5631.629883
2015-03-25,5020.990234000001
2016-07-26,4394.77002
2009-05-21,3217.409912
2006-11-10,5447.5
2013-09-05,4006.8000490000004
2007-12-11,5724.759765999999
2008-05-14,5055.240234000001
2011-01-21,4017.4499509999996
2010-04-30,3816.98999
2014-09-01,4379.72998
2013-09-26,4186.720215
2012-04-02,3462.9099119999996
2012-07-10,3175.409912
2014-10-28,4112.669922
2008-08-18,4448.839844
2011-07-26,3787.8798829999996
2012-02-21,3465.23999
2007-01-10,5501.950195
2010-05-10,3720.290039
2008-03-26,4676.680176
2007-12-18,5509.370117
2007-09-12,5508.009765999999
2008-04-07,4944.600098
2016-08-18,4437.060059
2016-04-04,4345.220215
2012-01-04,3193.649902
2014-10-27,4096.740234000001
2012-10-11,3413.719971
2015-07-06,4711.540039
2011-05-24,3916.8798829999996
2011-06-24,3784.8000490000004
2013-09-11,4119.109863000001
2006-11-28,5306.240234000001
2013-06-26,3726.040039
2013-11-28,4302.419922
2016-01-14,4312.890136999999
2008-05-02,5069.709961
2007-05-09,6051.629883
2007-04-12,5748.939941
2010-01-29,3739.459961
2007-06-26,5953.359863000001
2010-02-09,3612.76001
2009-03-19,2776.98999
2008-04-24,4929.549805
2010-07-20,3468.0200200000004
2007-06-04,6125.810059
2009-07-16,3199.679932
2016-03-31,4385.060059
2015-12-01,4914.529785
2008-01-22,4842.540039
2012-07-30,3320.709961
2015-06-16,4839.859863000001
2015-07-10,4903.069824
2011-08-02,3522.790039
2016-02-03,4226.959961
2012-10-02,3414.2299799999996
2010-07-30,3643.139893
2014-11-12,4179.879883
2008-06-26,4426.189941
2011-06-01,3964.8100590000004
2009-11-19,3760.219971
2009-08-13,3524.389893
2007-08-21,5418.779785
2009-05-07,3251.52002
2013-01-25,3778.1599119999996
2012-11-05,3448.5
2012-12-18,3648.6298829999996
2008-02-06,4816.430176
2009-03-04,2675.679932
2011-09-13,2894.929932
2015-04-15,5254.350098
2016-09-07,4557.660156
2011-01-25,4019.6201170000004
2013-11-18,4320.680176
2009-04-02,2992.060059
2012-07-11,3157.25
2015-08-07,5154.75
2011-08-12,3213.8798829999996
2009-03-13,2705.6298829999996
2011-03-02,4034.320068
2009-07-03,3119.51001
2012-11-21,3477.360107
2011-04-26,4045.290039
2009-04-17,3091.959961
2013-02-08,3649.5
2007-05-22,6089.720215
2015-09-22,4428.509765999999
2008-05-12,4976.209961
2011-06-27,3796.5500490000004
2009-05-14,3156.290039
2014-04-10,4413.490234000001
2007-04-02,5645.560059
2010-11-30,3610.4399409999996
2012-09-11,3537.3000490000004
2008-01-08,5495.669922
2015-06-24,5045.350098
2008-09-02,4539.069824
2010-01-06,4017.669922
2014-03-19,4308.060059
2007-12-14,5605.359863000001
2015-01-13,4290.279785
2015-01-21,4484.819824
2007-08-27,5590.540039
2015-11-23,4889.120117
2008-06-19,4591.390136999999
2007-08-28,5474.169922
2008-01-17,5157.089844
2015-10-28,4890.580078
2014-04-11,4365.859863000001
2016-05-19,4282.540039
2014-10-29,4110.640136999999
2015-10-22,4802.180176
2013-07-23,3923.0900880000004
2008-09-22,4223.509765999999
2011-07-18,3650.709961
2010-09-30,3715.179932
2010-04-13,4031.98999
2007-09-25,5641.589844
2012-08-30,3379.110107
2009-09-18,3827.8400880000004
2013-04-23,3783.0500490000004
2009-01-15,2995.8798829999996
2013-11-08,4260.439941
2010-05-05,3636.030029
2009-07-06,3082.159912
2008-07-02,4296.47998
2013-07-26,3968.8400880000004
2006-11-24,5389.459961
2009-10-06,3770.209961
2016-01-25,4311.330078
2009-08-18,3450.6899409999996
2015-01-26,4675.129883
2010-01-28,3688.790039
2015-07-20,5142.490234000001
2011-01-11,3861.919922
2007-04-16,5861.970215
2007-07-05,6059.529785
2015-08-12,4925.430176
2016-04-28,4557.359863000001
2011-07-13,3793.2700200000004
2007-09-07,5430.100098
2012-11-02,3492.459961
2013-04-29,3868.679932
2012-08-13,3426.4099119999996
2009-10-20,3871.4499509999996
2014-10-08,4168.120117
2014-01-14,4274.200195
2007-11-13,5538.910156
2014-12-09,4263.939941
2014-02-26,4396.910156
2010-06-16,3675.929932
2012-04-19,3174.02002
2007-12-20,5511.450195
2010-12-14,3902.8701170000004
2010-10-11,3768.48999
2014-06-09,4589.120117
2012-04-25,3233.459961
2008-05-21,5027.549805
2009-08-14,3495.2700200000004
2011-03-01,4067.149902
2011-11-17,3010.290039
2013-04-18,3599.360107
2010-11-29,3636.959961
2007-03-07,5455.069824
2008-04-29,4977.100098
2013-05-09,3928.580078
2014-01-24,4161.470215
2016-08-25,4406.609863000001
2008-02-05,4776.859863000001
2008-12-03,3166.649902
2009-02-03,2982.389893
2016-05-20,4353.899902
2009-09-02,3573.1298829999996
2013-05-08,3956.280029
2014-10-09,4141.450195
2014-09-15,4428.629883
2016-03-24,4329.680176
2010-06-24,3555.360107
2013-06-11,3810.5600590000004
2014-12-15,4005.3798829999996
2012-04-18,3240.290039
2012-08-20,3480.580078
2008-01-31,4869.790039
2008-05-05,5063.359863000001
2014-03-06,4417.040039
2011-08-22,3051.360107
2013-07-02,3742.570068
2016-05-13,4319.990234000001
2011-10-07,3095.560059
2006-11-14,5476.279785
2009-03-18,2760.340088
2009-12-09,3757.389893
2012-08-31,3413.070068
2012-12-04,3580.4799799999996
2009-07-14,3081.8701170000004
2015-04-13,5254.120117
2013-06-12,3793.6999509999996
2008-12-31,3217.969971
2011-10-11,3153.52002
2015-01-20,4446.02002
2009-10-21,3873.219971
2007-06-25,6002.850098
2013-05-06,3907.040039
2013-09-25,4195.350098
2015-08-03,5120.52002
2015-06-23,5057.680176
2016-09-26,4407.850098
2011-12-22,3071.800049
2013-10-23,4260.660156
2013-05-13,3945.1999509999996
2009-09-11,3734.889893
2007-08-31,5662.700195
2008-04-08,4912.689941
2009-01-05,3359.919922
2015-04-28,5173.379883
2011-12-05,3201.280029
2014-10-01,4365.27002
2008-11-10,3505.75
2014-04-01,4426.720215
2014-12-29,4317.930176
2011-12-08,3095.48999
2013-03-07,3793.780029
2014-02-07,4228.180176
2012-10-16,3500.9399409999996
2016-01-29,4417.02002
2009-11-23,3813.169922
2011-02-21,4097.410156
2009-10-05,3675.01001
2009-03-20,2791.139893
2014-04-29,4497.680176
2007-05-25,6057.490234000001
2014-09-03,4421.870117
2015-12-04,4714.790039
2016-07-13,4335.259765999999
2008-12-22,3151.360107
2012-05-10,3130.169922
2015-03-12,4987.330078
2010-04-29,3840.6201170000004
2016-05-12,4293.27002
2008-03-13,4630.189941
2011-05-03,4096.839844
2013-05-23,3967.149902
2014-09-02,4378.330078
2014-07-18,4335.310059
2015-09-07,4549.640136999999
2007-07-30,5646.359863000001
2006-12-28,5533.359863000001
2014-02-17,4335.169922
2008-09-26,4163.379883
2013-11-04,4288.589844
2008-10-23,3310.8701170000004
2012-09-06,3509.8798829999996
2007-03-14,5296.220215
2011-07-11,3807.51001
2006-12-21,5510.390136999999
2013-01-16,3708.48999
2009-12-02,3795.919922
2011-12-16,2972.300049
2011-07-04,4003.110107
2015-02-26,4910.620117
2010-01-07,4024.8000490000004
2010-03-22,3928.0
2007-02-13,5682.689941
2012-02-06,3405.2700200000004
2013-08-28,3960.459961
2007-11-16,5523.629883
2008-04-18,4961.689941
2010-06-17,3683.080078
2009-02-11,3027.719971
2014-05-13,4505.02002
2007-01-08,5518.589844
2009-10-13,3801.389893
2014-07-30,4312.299805
2006-11-02,5310.069824
2008-08-04,4280.629883
2015-12-30,4677.140136999999
2014-02-12,4305.5
2012-02-03,3427.919922
2012-11-15,3382.399902
2013-03-06,3773.76001
2010-04-23,3951.3000490000004
2016-02-25,4248.450195
2013-10-24,4275.689941
2015-10-13,4643.379883
2008-02-22,4824.549805
2010-12-28,3858.719971
2009-12-17,3830.820068
2013-11-13,4239.939941
2011-12-13,3078.719971
2013-03-01,3699.9099119999996
2010-11-02,3865.719971
2013-12-05,4099.910156
2015-09-17,4655.140136999999
2007-09-04,5672.720215
2009-04-16,3038.179932
2006-11-29,5381.25
2008-06-06,4795.319824
2014-05-20,4452.350098
2016-04-12,4345.910156
2011-01-13,3974.830078
2012-01-17,3269.98999
2008-12-23,3128.409912
2009-06-24,3184.76001
2012-06-29,3196.649902
2012-11-13,3430.600098
2013-06-13,3797.9799799999996
2012-05-09,3118.649902
2015-11-16,4804.310059
2010-07-15,3581.820068
2016-05-17,4297.569824
2008-03-03,4742.660156
2012-10-10,3365.8701170000004
2008-01-10,5400.430176
2009-02-18,2874.070068
2009-10-19,3892.360107
2016-07-27,4446.959961
2016-01-11,4312.740234000001
2014-06-02,4515.890136999999
2008-08-11,4538.490234000001
2016-08-10,4452.009765999999
2011-04-07,4028.3000490000004
2011-09-14,2949.139893
2012-11-22,3498.219971
2013-05-20,4022.850098
2015-02-25,4882.220215
2007-04-05,5741.379883
2009-12-11,3803.719971
2015-12-28,4617.950195
2011-05-05,4004.8701170000004
2016-05-23,4325.100098
2008-05-19,5142.100098
2011-06-16,3792.3100590000004
2015-06-08,4857.660156
2012-07-31,3291.659912
2008-03-10,4566.990234000001
2010-07-26,3636.179932
2008-10-16,3181.0
2010-06-22,3705.320068
2007-04-26,5944.439941
2012-10-17,3527.5
2011-12-30,3159.810059
2007-12-17,5514.879883
2009-07-09,3025.939941
2013-04-26,3810.0500490000004
2014-10-21,4081.23999
2015-07-30,5046.419922
2007-06-20,6093.290039
2015-10-12,4688.700195
2009-02-23,2727.8701170000004
2013-11-12,4263.779785
2011-02-02,4066.530029
2013-04-10,3743.709961
2008-11-27,3250.389893
2013-08-21,4015.0900880000004
2015-07-16,5121.5
2011-10-26,3169.6201170000004
2014-02-21,4381.060059
2014-03-28,4411.259765999999
2010-07-06,3423.360107
2011-03-07,3990.4099119999996
2012-03-02,3501.169922
2007-11-06,5709.419922
2010-11-16,3762.469971
2009-04-30,3159.850098
2013-04-09,3670.719971
2010-06-18,3687.209961
2012-03-14,3564.51001
2016-06-06,4423.379883
2013-05-02,3858.76001
2010-12-21,3927.48999
2007-03-05,5385.029785
2015-01-06,4083.5
2007-07-20,5957.160156
2006-10-30,5362.22998
2010-07-07,3483.4399409999996
2012-08-03,3374.1899409999996
2012-11-29,3568.8798829999996
2012-07-18,3235.399902
2012-10-30,3459.4399409999996
2015-01-27,4624.209961
2007-10-08,5829.399902
2010-02-17,3725.209961
2014-08-19,4254.450195
2010-10-05,3731.929932
2015-09-03,4653.790039
2013-12-06,4129.370117
2011-01-26,4049.070068
2012-07-24,3074.679932
2016-06-14,4130.330078
2007-02-05,5681.109863000001
2015-06-17,4790.620117
2016-05-05,4319.459961
2016-08-03,4321.080078
2008-10-13,3531.5
2014-09-18,4464.700195
2008-10-17,3329.919922
2016-03-02,4424.890136999999
2016-09-22,4509.819824
2013-10-11,4219.97998
2012-09-07,3519.0500490000004
2013-11-22,4278.529785
2010-01-05,4012.9099119999996
2006-10-24,5404.540039
2012-12-27,3674.26001
2008-08-15,4453.620117
2013-02-21,3624.8000490000004
2014-08-25,4342.109863000001
2011-07-19,3694.9499509999996
2007-10-15,5807.439941
2011-08-25,3119.0
2011-06-06,3863.399902
2013-10-10,4218.109863000001
2013-09-09,4040.330078
2006-12-29,5541.759765999999
2009-09-21,3812.1599119999996
2016-04-13,4490.310059
2008-10-03,4080.75
2016-07-29,4439.810059
2006-10-20,5375.350098
2012-07-06,3168.790039
2013-06-21,3658.040039
2007-07-18,5995.970215
2015-06-11,4971.370117
2010-12-29,3890.649902
2008-02-01,4978.060059
2016-02-10,4061.1999509999996
2008-08-28,4461.490234000001
2016-02-22,4298.700195
2016-06-23,4465.899902
2006-10-12,5361.509765999999
2007-07-02,6026.950195
2012-07-02,3240.199951
2015-11-04,4948.290039
2013-04-15,3710.4799799999996
2011-03-22,3892.709961
2006-12-14,5509.580078
2011-09-27,3023.3798829999996
2016-04-19,4566.47998
2014-06-13,4543.279785
2014-03-13,4250.509765999999
2016-05-02,4442.75
2009-07-01,3217.0
2009-11-20,3729.360107
2014-02-27,4396.390136999999
2007-06-06,5977.870117
2013-09-19,4206.040039
2008-07-07,4342.589844
2012-05-31,3017.01001
2014-05-14,4501.040039
2014-04-07,4436.080078
2013-06-20,3698.929932
2011-03-29,3987.8000490000004
2016-07-18,4357.740234000001
2012-04-10,3217.600098
2008-08-20,4365.870117
2015-07-03,4808.220215
2011-01-19,3976.709961
2012-09-20,3509.919922
2014-11-28,4390.180176
2011-03-11,3928.679932
2016-07-15,4372.509765999999
2010-02-25,3640.7700200000004
2010-11-15,3864.23999
2013-05-22,4051.110107
2015-01-16,4379.620117
2016-03-08,4404.02002
2012-06-04,2954.48999
2011-08-24,3139.550049
2015-07-23,5086.740234000001
2014-09-19,4461.220215
2011-10-24,3220.459961
2007-10-24,5674.669922
2010-10-26,3852.6599119999996
2015-08-05,5196.72998
2009-01-20,2925.280029
2008-04-22,4872.640136999999
2008-07-29,4320.490234000001
2010-10-19,3807.169922
2011-11-11,3149.3798829999996
2011-08-08,3125.189941
2010-04-20,4026.649902
2011-04-20,4004.6201170000004
2012-09-18,3512.6899409999996
2014-06-24,4518.339844
2014-02-11,4283.319824
2007-12-05,5659.069824
2013-05-27,3995.1599119999996
2013-01-18,3741.580078
2014-01-22,4324.97998
2014-08-08,4147.810059
2013-07-12,3855.0900880000004
2008-12-19,3225.899902
2007-04-27,5930.77002
2010-03-10,3943.5500490000004
2008-06-20,4509.27002
2011-05-30,3942.530029
2015-05-27,5182.529785
2012-11-20,3462.0600590000004
2007-07-09,6104.660156
2013-11-07,4280.990234000001
2012-08-27,3462.830078
2015-10-08,4675.910156
2012-07-03,3271.199951
2014-06-16,4510.049805
2016-06-30,4237.47998
2008-08-05,4386.350098
2015-10-27,4847.069824
2016-01-26,4356.810059
2010-09-07,3643.8100590000004
2013-12-20,4193.77002
2014-02-14,4340.140136999999
2010-12-09,3858.0500490000004
2012-06-21,3114.219971
2006-10-31,5348.72998
2013-08-08,4064.320068
2008-12-02,3152.899902
2015-09-15,4569.370117
2013-11-06,4286.930176
2014-10-03,4281.740234000001
2012-04-16,3205.280029
2009-12-03,3799.110107
2016-06-08,4448.72998
2010-03-17,3957.889893
2016-02-18,4239.759765999999
2010-09-27,3766.1599119999996
2015-08-06,5192.109863000001
2014-10-24,4128.899902
2011-01-12,3945.070068
2008-10-14,3628.5200200000004
2015-03-06,4964.350098
2010-10-08,3763.179932
2007-12-12,5743.319824
2012-06-13,3030.040039
2010-11-22,3818.889893
2014-06-10,4595.0
2014-10-15,3939.719971
2010-02-12,3599.070068
2007-02-09,5692.450195
2015-05-08,5090.390136999999
2010-03-19,3925.4399409999996
2010-08-03,3747.51001
2013-02-07,3601.0500490000004
2011-11-15,3049.1298829999996
2009-04-28,3051.02002
2007-03-08,5524.259765999999
2015-09-02,4554.919922
2008-09-11,4249.069824
2008-09-10,4283.660156
2013-02-12,3686.580078
2014-01-13,4263.27002
2007-03-20,5503.27002
2008-05-23,4933.77002
2008-04-25,4978.209961
2007-01-03,5610.919922
2013-08-13,4092.5
2011-10-13,3186.939941
2007-10-16,5774.359863000001
2008-08-07,4457.430176
2011-04-27,4067.719971
2015-01-14,4223.240234000001
2010-08-25,3450.1899409999996
2015-03-17,5028.930176
2013-07-18,3927.790039
2009-03-06,2534.449951
2016-04-05,4250.279785
2007-02-19,5739.899902
2012-06-25,3021.639893
2016-03-14,4506.589844
2009-03-03,2554.550049
2011-04-21,4021.8798829999996
2010-10-27,3815.7700200000004
2010-04-21,3977.669922
2011-11-25,2856.969971
2014-08-27,4395.259765999999
2015-08-04,5112.140136999999
2016-06-01,4475.390136999999
2013-04-19,3651.959961
2014-04-02,4430.859863000001
2016-09-12,4439.799805
2011-08-11,3089.659912
2010-05-21,3430.73999
2007-02-27,5588.390136999999
2011-09-29,3027.649902
2015-02-09,4651.080078
2013-08-26,4067.1298829999996
2009-01-22,2869.6201170000004
2006-11-16,5505.720215
2011-05-20,3990.850098
2015-09-18,4535.850098
2010-11-17,3792.350098
2013-06-06,3814.280029
2010-10-15,3827.3701170000004
2016-09-13,4387.180176
2010-10-29,3833.5
2008-09-08,4340.180176
2015-10-20,4673.810059
2008-04-23,4944.649902
2008-01-14,5403.509765999999
2009-11-30,3680.149902
2016-05-09,4322.810059
2014-10-16,3918.6201170000004
2007-10-22,5661.27002
2011-08-01,3588.0500490000004
2015-12-21,4565.169922
2010-03-04,3828.4099119999996
2015-08-18,4971.25
2009-03-25,2893.449951
2006-12-07,5379.209961
2015-01-22,4552.799805
2007-11-21,5381.299805
2013-10-17,4239.640136999999
2013-01-04,3730.0200200000004
2010-04-06,4053.9399409999996
2012-02-17,3439.6201170000004
2009-05-22,3227.969971
2010-02-05,3563.76001
2012-12-07,3605.610107
2014-01-16,4319.27002
2013-10-02,4158.160156
2015-04-23,5178.910156
2010-10-18,3834.5
2014-11-07,4189.890136999999
2016-04-27,4559.399902
2007-08-02,5682.069824
2009-06-12,3326.139893
2010-11-24,3747.610107
2015-10-29,4885.819824
2012-05-30,3015.580078
2008-10-31,3487.070068
2010-04-27,3844.600098
2010-07-19,3486.330078
2015-11-20,4910.970215
2015-10-16,4702.790039
2008-04-14,4766.490234000001
2008-01-11,5371.410156
2011-12-02,3164.949951
2011-11-29,3026.76001
2010-05-24,3430.929932
2012-04-23,3098.3701170000004
2010-06-15,3661.51001
2010-09-24,3782.4799799999996
2007-12-03,5629.459961
2013-09-10,4116.640136999999
2009-06-05,3339.050049
2009-11-10,3785.5900880000004
2009-01-16,3016.75
2011-04-06,4048.1599119999996
2014-07-17,4316.120117
2007-11-14,5613.600098
2016-03-10,4350.350098
2007-05-10,6012.759765999999
2009-07-20,3270.939941
2013-12-03,4172.439941
2010-06-25,3519.7299799999996
2015-03-04,4917.350098
2008-07-18,4299.359863000001
2015-12-14,4473.069824
2010-02-03,3793.469971
2007-07-10,6019.220215
2012-08-06,3401.5600590000004
2007-05-28,6071.470215
2011-03-15,3780.850098
2011-11-07,3103.600098
2013-07-04,3809.3100590000004
2013-04-12,3729.3000490000004
2007-12-21,5602.77002
2009-06-04,3312.030029
2010-09-21,3784.399902
2009-02-10,3020.75
2012-08-23,3432.5600590000004
2007-01-17,5561.779785
2015-04-30,5046.490234000001
2011-08-23,3084.3701170000004
2007-12-06,5673.759765999999
2008-11-14,3291.469971
2013-02-18,3667.040039
2015-12-15,4614.399902
2014-05-21,4469.029785
2015-06-12,4901.189941
2008-04-15,4780.680176
2010-08-05,3764.1899409999996
2011-06-22,3871.3701170000004
2014-12-11,4225.859863000001
2007-02-23,5716.379883
2016-08-30,4457.490234000001
2015-11-25,4892.990234000001
2011-04-11,4038.6999509999996
2015-08-17,4984.830078
2016-03-23,4423.97998
2016-06-24,4106.72998
2008-06-23,4511.370117
2006-10-11,5313.189941
2014-11-11,4244.100098
2008-09-23,4139.819824
2014-07-31,4246.140136999999
2016-03-18,4462.509765999999
2012-10-04,3401.1999509999996
2013-10-03,4127.97998
2011-07-12,3774.1201170000004
2015-03-26,5006.350098
2013-09-20,4203.660156
2015-09-25,4480.660156
2015-11-17,4937.310059
2016-07-06,4085.3000490000004
2008-02-26,4973.069824
2011-01-14,3983.280029
2016-05-11,4316.669922
2016-03-17,4442.890136999999
2014-03-27,4379.060059
2010-02-04,3689.25
2014-05-26,4526.930176
2016-07-25,4388.0
2007-11-02,5720.419922
2006-12-18,5530.319824
2008-01-25,4878.120117
2009-12-07,3840.0500490000004
2011-06-13,3807.610107
2010-04-22,3924.649902
2008-11-21,2881.26001
2014-10-31,4233.089844
2010-07-14,3632.9799799999996
2008-12-18,3234.149902
2012-08-16,3480.48999
2016-08-02,4327.990234000001
2012-03-15,3580.209961
2011-03-25,3972.3798829999996
2007-08-24,5569.379883
2007-11-28,5561.209961
2011-09-30,2981.959961
2007-08-14,5478.660156
2015-06-02,5004.459961
2013-01-07,3704.639893
2012-02-24,3467.030029
2007-10-05,5843.240234000001
2007-03-26,5576.299805
2015-09-09,4664.589844
2007-11-30,5670.569824
2007-11-19,5432.569824
2011-11-08,3143.300049
2008-09-18,3957.860107
2015-03-20,5087.490234000001
2009-12-14,3830.4399409999996
2011-12-12,3089.590088
2009-04-06,2929.75
2006-11-01,5370.859863000001
2010-01-12,4000.0500490000004
2008-05-13,4998.669922
2015-01-02,4252.290039
2015-05-20,5133.299805
2008-07-21,4327.140136999999
2012-11-08,3407.679932
2010-08-11,3628.290039
2008-07-11,4100.640136999999
2008-02-29,4790.660156
2013-11-15,4292.22998
2007-05-24,6048.310059
2015-09-04,4523.080078
2012-01-03,3245.399902
2015-06-30,4790.200195
2009-07-30,3435.48999
2008-09-24,4114.540039
2010-01-20,3928.9499509999996
2015-01-08,4260.189941
2015-04-07,5151.189941
2015-08-11,5099.029785
2014-01-31,4165.720215
2014-11-25,4382.310059
2013-12-27,4277.649902
2009-06-01,3379.48999
2015-12-18,4625.259765999999
2013-08-01,4042.7299799999996
2014-04-28,4460.529785
2009-12-22,3898.3798829999996
2015-04-22,5211.089844
2012-05-17,3011.98999
2008-03-17,4431.040039
2008-11-03,3527.969971
2011-10-25,3174.290039
2008-03-19,4555.950195
2010-05-27,3525.3100590000004
2009-08-24,3652.169922
2014-03-21,4335.279785
2016-04-07,4245.910156
2007-03-23,5634.75
2009-06-08,3289.659912
2013-08-09,4076.5500490000004
2008-12-11,3306.1298829999996
2010-05-17,3543.5500490000004
2013-11-26,4277.569824
2011-03-08,4015.9099119999996
2013-01-29,3785.820068
2012-10-23,3406.5
2011-02-04,4047.209961
2012-11-16,3341.52002
2006-10-04,5256.549805
2007-02-06,5676.779785
2008-08-13,4402.970215
2009-05-28,3263.699951
2011-11-14,3108.949951
2015-05-15,4993.819824
2010-06-09,3446.7700200000004
2009-10-30,3607.6899409999996
2011-07-01,4007.350098
2016-03-04,4456.620117
2013-03-25,3727.9799799999996
2010-11-12,3831.1201170000004
2009-07-07,3048.570068
2010-01-21,3862.1599119999996
2014-06-27,4436.990234000001
2007-02-28,5516.319824
2013-10-28,4251.609863000001
2011-10-31,3242.840088
2007-02-12,5643.950195
2011-06-09,3878.649902
2010-10-25,3870.0
2016-08-11,4503.950195
2013-04-25,3840.469971
2008-07-17,4225.990234000001
2010-03-29,4000.6599119999996
2013-09-24,4195.609863000001
2014-12-16,4093.1999509999996
2014-12-22,4254.430176
2012-04-04,3313.469971
2016-08-24,4435.470215
2012-09-19,3531.820068
2008-08-06,4448.330078
2010-01-22,3820.780029
2010-03-24,3949.8100590000004
2012-03-07,3392.330078
2012-08-15,3449.1999509999996
2015-09-10,4596.529785
2014-11-19,4266.189941
2010-05-28,3515.0600590000004
2014-06-06,4581.120117
2011-11-24,2822.25
2013-09-13,4114.5
2011-05-19,4027.73999
2015-05-28,5137.830078
2012-08-10,3435.6201170000004
2006-12-12,5426.819824
2009-11-04,3670.330078
2009-02-06,3122.790039
2007-02-22,5707.859863000001
2015-07-21,5106.569824
2015-07-15,5047.240234000001
2012-02-15,3390.350098
2015-10-02,4458.879883
2016-08-09,4468.069824
2007-01-24,5638.080078
2010-08-17,3663.1298829999996
2014-01-27,4144.560059
2011-10-28,3348.6298829999996
2015-08-13,4986.850098
2014-06-12,4554.399902
2009-01-09,3299.5
2008-07-15,4061.149902
2015-07-14,5032.470215
2015-06-04,4987.129883
2009-08-31,3653.540039
2011-11-03,3195.469971
2010-08-30,3487.01001
2009-05-12,3231.100098
2007-06-28,6006.310059
2007-03-12,5496.069824
2008-06-05,4907.060059
2012-11-19,3439.580078
2013-04-05,3663.4799799999996
2015-07-02,4835.560059
2010-11-10,3888.4499509999996
2012-03-13,3550.1599119999996
2012-07-20,3193.889893
2012-10-03,3406.0200200000004
2007-11-23,5521.169922
2011-01-24,4033.209961
2008-12-04,3161.159912
2009-08-11,3456.179932
2011-02-24,4009.639893
2007-02-16,5713.589844
2009-05-26,3270.090088
2009-09-16,3813.790039
2007-10-25,5760.299805
2012-10-26,3435.0900880000004
2007-06-21,6029.790039
2009-12-18,3794.4399409999996
2009-09-29,3814.100098
2013-12-30,4275.709961
2009-11-18,3828.1599119999996
2015-09-01,4541.160156
2011-09-09,2974.590088
2014-08-13,4194.790039
2012-01-11,3204.830078
2015-02-18,4799.029785
2009-11-11,3814.389893
2008-07-14,4142.529785
2012-06-14,3032.449951
2012-06-28,3051.679932
2016-01-22,4336.689941
2013-10-18,4286.029785
2012-05-07,3214.219971
2015-06-25,5041.709961
2010-03-16,3938.9499509999996
2008-08-25,4355.870117
2014-12-10,4227.910156
2012-01-02,3222.300049
2010-06-29,3432.98999
2015-11-13,4807.950195
2016-06-07,4475.859863000001
2009-06-19,3221.27002
2010-08-27,3507.4399409999996
2008-03-28,4695.919922
2012-07-05,3229.360107
2016-07-08,4190.680176
2015-12-02,4905.759765999999
2015-12-08,4681.859863000001
2008-10-15,3381.070068
2014-08-22,4252.799805
2016-07-11,4264.529785
2009-03-10,2663.679932
2011-08-09,3176.189941
2015-09-16,4645.839844
2013-04-03,3754.959961
2011-09-12,2854.810059
2015-06-26,5059.169922
2008-09-25,4226.810059
2009-09-15,3752.209961
2010-02-22,3756.6999509999996
2009-02-13,2997.860107
2010-01-27,3759.8000490000004
2014-09-05,4486.490234000001
2015-03-13,5010.459961
2011-09-28,2995.6201170000004
2012-08-09,3456.709961
2016-03-01,4406.839844
2016-02-12,3995.0600590000004
2010-03-09,3910.01001
2009-03-12,2694.25
2015-07-08,4639.02002
2013-07-17,3872.0200200000004
2009-06-03,3309.649902
2014-04-25,4443.629883
2012-07-17,3176.969971
2014-02-24,4419.129883
2009-12-10,3798.3798829999996
2010-03-08,3903.540039
2015-01-05,4111.359863000001
2016-08-17,4417.680176
2013-02-11,3650.580078
2014-03-05,4391.25
2014-01-17,4327.5
2007-11-05,5684.620117
2015-02-20,4830.899902
2015-08-31,4652.950195
2009-09-01,3583.4399409999996
2010-02-26,3708.8000490000004
2012-12-19,3664.5900880000004
2007-09-10,5386.430176
2016-09-14,4370.259765999999
2010-12-01,3669.290039
2016-02-17,4233.470215
2011-06-03,3890.679932
2010-11-05,3916.7299799999996
2014-07-21,4304.740234000001
2009-04-01,2839.610107
2009-07-21,3302.889893
2008-03-25,4692.0
2013-11-29,4295.209961
2011-07-22,3842.6999509999996
2016-04-01,4322.240234000001
2010-09-10,3725.820068
2007-09-19,5730.819824
2013-02-22,3706.280029
2012-09-25,3513.8100590000004
2007-01-16,5591.540039
2010-09-22,3735.0500490000004
2007-06-01,6168.149902
2008-10-08,3496.889893
2009-01-07,3346.090088
2009-09-04,3598.76001
2012-06-27,3063.1201170000004
2007-08-10,5448.629883
2013-07-25,3956.0200200000004
2011-12-23,3102.090088
2008-11-24,3172.110107
2015-03-09,4937.200195
2011-12-29,3127.560059
2013-07-01,3767.4799799999996
2007-07-23,6009.160156
2012-09-14,3581.580078
2011-10-05,2973.899902
2016-04-06,4284.640136999999
2007-03-16,5382.160156
2012-01-19,3328.939941
2009-02-12,2964.340088
2010-02-11,3616.75
2010-03-18,3938.179932
2013-12-16,4119.879883
2015-12-07,4756.410156
2015-12-11,4549.560059
2006-11-15,5511.529785
2009-12-15,3834.0900880000004
2015-05-14,5029.310059
2007-08-15,5442.720215
2010-07-27,3666.399902
2016-01-04,4522.450195
2009-11-12,3808.070068
2014-05-12,4493.649902
2008-04-10,4859.419922
2014-07-29,4365.580078
2010-12-10,3857.350098
2012-01-18,3264.929932
2013-03-19,3775.75
2013-12-23,4215.290039
2007-02-15,5720.879883
2009-10-29,3714.0200200000004
2008-07-04,4266.0
2010-05-11,3693.1999509999996
2008-12-08,3247.47998
2013-11-27,4293.060059
2011-07-25,3812.969971
2007-08-13,5569.279785
2014-04-09,4442.680176
2016-04-08,4303.120117
2010-06-28,3576.4499509999996
2011-08-15,3239.060059
2006-12-01,5254.049805
2009-11-24,3784.6201170000004
2012-11-28,3515.1899409999996
2013-01-17,3744.110107
2010-07-08,3538.25
2010-10-01,3692.0900880000004
2012-03-16,3594.830078
2007-05-16,6017.910156
2014-02-19,4341.100098
2007-10-04,5804.390136999999
2008-04-02,4911.970215
2009-04-08,2921.060059
2014-11-06,4227.680176
2009-03-11,2674.199951
2006-12-13,5475.850098
2013-03-04,3709.76001
2009-01-14,3052.0
2013-05-31,3948.5900880000004
2011-03-10,3963.98999
2008-01-21,4744.450195
2010-08-04,3760.719971
2011-04-19,3908.580078
2012-04-27,3266.27002
2008-04-16,4855.100098
2008-01-24,4915.290039
2012-10-15,3420.280029
2012-03-30,3423.8100590000004
2010-02-18,3747.830078
2012-06-15,3087.6201170000004
2012-12-14,3643.280029
2010-06-07,3413.719971
2009-04-23,3008.6201170000004
2012-07-23,3101.530029
2016-09-08,4542.200195
2011-11-02,3110.590088
2007-10-23,5705.049805
2007-07-17,6099.209961
2009-04-24,3102.850098
2009-06-18,3194.060059
2013-08-15,4093.1999509999996
2014-05-30,4519.569824
2011-10-21,3171.340088
2014-07-09,4359.839844
2016-02-19,4223.040039
2010-03-26,3988.929932
2010-09-28,3762.350098
2015-07-17,5124.390136999999
2014-06-18,4530.370117
2012-10-01,3434.9799799999996
2016-01-07,4403.580078
2014-10-10,4073.709961
2010-09-23,3710.610107
2014-07-02,4444.720215
2009-03-30,2719.340088
2013-08-29,3986.350098
2007-06-18,6087.149902
2010-08-06,3716.0500490000004
2014-11-24,4368.439941
2015-03-24,5088.279785
2011-10-14,3217.889893
2009-11-16,3863.1599119999996
2013-07-31,3992.6899409999996
2006-11-21,5459.350098
2007-10-26,5794.870117
2006-11-08,5437.160156
2009-03-23,2869.570068
2009-11-26,3679.2299799999996
2011-02-03,4036.5900880000004
2008-07-30,4400.549805
2012-05-04,3161.969971
2013-01-03,3721.169922
2016-02-11,3896.709961
2009-09-03,3553.51001
2010-10-07,3770.469971
2008-07-23,4408.740234000001
2011-07-28,3712.6599119999996
2008-04-28,5012.75
2014-05-15,4444.930176
2011-11-22,2870.679932
2008-06-16,4657.740234000001
2009-01-26,2955.3701170000004
2014-12-04,4323.890136999999
2009-09-22,3823.5200200000004
2013-01-11,3706.0200200000004
2010-07-01,3339.899902
2013-06-14,3805.1599119999996
2008-09-03,4447.129883
2010-07-12,3567.6599119999996
2008-02-08,4709.649902
2007-05-21,6089.910156
2011-05-02,4108.77002
2011-12-07,3175.97998
2015-02-05,4703.299805
2014-12-23,4314.970215
2015-04-01,5062.220215
2016-09-19,4394.189941
2009-06-29,3193.679932
2016-08-05,4410.549805
2014-01-23,4280.959961
2015-04-29,5039.390136999999
2013-05-29,3974.1201170000004
2011-02-14,4096.620117
2015-04-21,5192.640136999999
2011-02-01,4072.6201170000004
2011-01-27,4059.570068
2011-12-28,3071.080078
2008-09-15,4168.970215
2013-09-30,4143.439941
2014-06-04,4501.0
2007-11-29,5598.109863000001
2014-08-06,4207.140136999999
2012-06-20,3126.52002
2014-03-25,4344.120117
2006-10-26,5433.790039
2015-05-25,5117.169922
2013-06-07,3872.5900880000004
2013-08-07,4038.48999
2012-06-06,3058.439941
2013-12-09,4134.100098
2009-06-30,3140.439941
2008-09-16,4087.399902
2008-04-04,4900.879883
2012-02-29,3452.4499509999996
2013-09-03,3974.070068
2012-12-12,3646.6599119999996
2016-08-23,4421.450195
2013-03-14,3871.580078
2016-09-29,4443.839844
2010-05-20,3432.5200200000004
2015-11-26,4946.02002
2014-11-13,4187.950195
2015-06-18,4803.47998
2016-02-23,4238.419922
2008-08-01,4314.339844
2009-10-01,3720.7700200000004
2011-07-14,3751.2299799999996
2009-02-05,3066.290039
2013-02-06,3642.899902
2010-09-02,3631.429932
2012-09-17,3553.6899409999996
2007-09-06,5576.620117
2011-12-06,3179.6298829999996
2015-12-17,4677.540039
2009-02-02,2930.050049
2014-03-10,4370.839844
2012-10-08,3406.530029
2014-04-30,4487.390136999999
2009-03-02,2581.459961
2010-02-10,3635.610107
2015-11-19,4915.100098
2016-02-15,4115.25
2015-09-28,4357.049805
2015-06-19,4815.370117
2014-01-02,4227.279785
2011-01-03,3900.860107
2015-03-05,4963.509765999999
2006-12-15,5541.620117
2008-07-22,4327.259765999999
2014-09-12,4441.700195
2015-10-15,4675.290039
2009-06-26,3129.72998
2006-10-13,5353.22998
2012-02-08,3410.0
2006-10-23,5411.810059
2008-02-19,4885.830078
2010-03-11,3928.9499509999996
2011-03-18,3810.219971
2015-03-18,5033.419922
2013-01-30,3765.5200200000004
2013-07-22,3939.919922
2011-09-19,2940.0
2016-09-05,4541.080078
2007-04-24,5886.029785
2010-08-18,3647.929932
2012-05-21,3027.149902
2011-09-08,3085.830078
2014-11-20,4234.209961
2013-05-14,3966.0600590000004
2007-05-30,6042.149902
2008-01-02,5550.359863000001
2012-11-14,3400.0200200000004
2009-02-27,2702.47998
2011-08-10,3002.98999
2013-12-31,4295.950195
2014-09-24,4413.720215
2013-03-13,3836.040039
2013-02-04,3659.9099119999996
2010-05-06,3556.110107
2010-08-24,3491.110107
2012-01-16,3225.0
2007-05-29,6056.390136999999
2012-10-09,3382.780029
2013-09-18,4170.399902
2014-07-25,4330.549805
2010-06-11,3555.5200200000004
2009-11-13,3806.01001
2013-01-02,3733.929932
2010-09-01,3623.8400880000004
2009-12-16,3875.820068
2015-08-26,4501.049805
2012-01-05,3144.909912
2013-06-19,3839.3400880000004
2012-10-24,3426.48999
2012-03-01,3499.7299799999996
2013-06-10,3864.360107
2011-03-31,3989.179932
2009-09-07,3652.830078
2010-11-23,3724.419922
2015-11-09,4911.169922
2008-12-29,3130.719971
2012-04-30,3212.800049
2008-04-03,4887.870117
2015-08-25,4564.859863000001
2009-04-29,3116.939941
2009-07-10,2983.100098
2010-10-21,3878.2700200000004
2009-02-25,2696.919922
2015-10-26,4897.129883
2007-11-22,5416.100098
2010-07-22,3600.570068
2010-09-03,3672.1999509999996
2014-05-06,4428.069824
2016-02-09,3997.540039
2012-03-23,3476.179932
2014-07-08,4342.529785
2008-10-28,3114.919922
2015-03-27,5034.060059
2014-12-12,4108.930176
2010-08-16,3597.600098
2011-05-17,3941.580078
2010-03-02,3811.919922
2013-08-12,4071.679932
2008-04-09,4874.970215
2006-12-11,5427.560059
2016-04-29,4428.959961
2012-05-02,3226.330078
2009-08-28,3693.139893
2008-07-31,4392.359863000001
2013-08-14,4114.200195
2016-09-16,4332.450195
2016-03-07,4442.290039
2007-03-21,5502.180176
2012-05-28,3042.969971
2008-02-11,4682.700195
2013-12-11,4086.860107
2011-01-31,4005.5
2010-08-20,3526.1201170000004
2010-10-04,3649.8100590000004
2008-08-19,4332.790039
2010-05-13,3731.540039
2015-09-14,4518.149902
2011-10-06,3075.3701170000004
2014-08-15,4174.359863000001
2007-08-06,5532.990234000001
2009-05-18,3245.389893
2012-07-09,3156.800049
2013-09-12,4106.629883
2010-04-15,4065.649902
2011-03-23,3913.7299799999996
2012-06-11,3042.76001
2012-08-01,3321.560059
2015-12-22,4567.600098
2011-02-22,4050.2700200000004
2016-02-02,4283.990234000001
2011-01-07,3865.580078
2010-01-19,4009.669922
2012-10-25,3411.530029
2012-07-04,3267.75
2015-09-30,4455.290039
2008-10-09,3442.6999509999996
2015-02-10,4695.649902
2015-02-24,4886.439941
2016-07-22,4381.100098
2013-11-20,4268.370117
2009-01-23,2849.139893
2012-01-13,3196.48999
2009-06-11,3334.939941
2011-07-08,3913.5500490000004
2015-04-08,5136.859863000001
2010-04-01,4034.2299799999996
2009-01-06,3396.219971
2008-10-24,3193.790039
2015-01-28,4610.939941
2011-02-16,4151.259765999999
2011-05-31,4006.9399409999996
2009-09-08,3660.959961
2007-12-07,5718.75
2009-07-15,3171.27002
2007-02-02,5677.299805
2010-07-23,3607.0500490000004
2011-06-14,3864.580078
2012-06-19,3117.919922
2015-02-11,4679.379883
2015-08-14,4956.470215
2007-02-21,5694.560059
2007-02-26,5762.540039
2008-01-09,5435.419922
2016-08-31,4438.220215
2014-05-27,4529.75
2013-05-28,4050.5600590000004
2007-10-18,5767.240234000001
2015-07-22,5082.569824
2012-11-01,3475.399902
2013-03-11,3836.2700200000004
2015-07-29,5017.439941
2006-10-03,5219.790039
2007-01-26,5582.299805
2007-06-12,5898.160156
2011-04-15,3974.4799799999996
2012-06-12,3046.909912
2015-05-07,4967.220215
2013-09-27,4186.77002
2013-01-22,3741.01001
2015-01-09,4179.069824
2015-06-01,5025.299805
2013-02-26,3621.919922
2016-01-18,4189.569824
2010-12-27,3862.1899409999996
2011-02-10,4095.139893
2010-12-23,3911.320068
2013-03-18,3825.469971
2015-11-05,4980.040039
2012-11-06,3478.6599119999996
2015-12-03,4730.209961
2007-01-29,5619.700195
2009-11-06,3707.290039
2014-11-14,4202.459961
2011-09-05,2999.540039
2009-07-31,3426.2700200000004
2012-10-18,3535.179932
2014-09-23,4359.350098
2008-10-27,3067.350098
2014-08-12,4162.160156
2016-04-21,4582.830078
2013-03-21,3774.850098
2014-08-05,4232.879883
2011-09-06,2965.639893
2014-02-20,4355.490234000001
2007-05-23,6120.200195
2009-05-29,3277.649902
2008-07-25,4377.180176
2013-10-07,4165.580078
2012-02-10,3373.139893
2006-10-27,5396.029785
2009-08-19,3450.3400880000004
2007-07-31,5751.080078
2010-11-19,3860.1599119999996
2016-08-15,4497.859863000001
2009-09-25,3739.139893
2012-01-25,3312.47998
2007-06-29,6054.930176
2012-02-22,3447.3701170000004
2007-05-15,6049.759765999999
2010-08-09,3777.3701170000004
2011-11-28,3012.929932
2014-03-26,4385.149902
2011-01-18,4012.679932
2013-05-24,3956.790039
2014-08-07,4149.830078
2011-06-10,3805.0900880000004
2016-08-26,4441.870117
2008-12-30,3217.1298829999996
2009-02-17,2875.22998
2007-07-25,5837.109863000001
2013-01-23,3726.169922
2013-04-08,3666.780029
2013-07-08,3823.830078
2016-09-06,4529.959961
2014-12-19,4241.649902
2012-06-08,3051.689941
2010-07-16,3500.1599119999996
2011-02-28,4110.350098
2008-05-29,4975.899902
2007-03-22,5598.370117
2008-12-12,3213.600098
2009-03-26,2892.070068
2014-03-03,4290.870117
2012-07-16,3179.899902
2015-02-17,4753.990234000001
2008-01-28,4848.299805
2012-12-06,3601.649902
2007-05-04,6068.830078
2011-06-30,3982.209961
2009-04-09,2974.179932
2014-01-09,4225.140136999999
2006-11-06,5402.359863000001
2014-11-26,4373.419922
2010-06-01,3503.080078
2007-07-26,5675.049805
2007-01-02,5617.709961
2015-07-24,5057.359863000001
2010-11-26,3728.649902
2014-10-22,4105.089844
2011-10-10,3161.469971
2009-12-24,3912.7299799999996
2014-06-25,4460.600098
2013-08-30,3933.780029
2009-05-08,3312.590088
2014-02-03,4107.75
2010-12-03,3750.5500490000004
2015-11-18,4906.720215
2011-03-30,4024.4399409999996
2009-01-21,2905.570068
2011-04-04,4042.919922
2016-01-20,4124.950195
2007-06-08,5883.290039
2010-02-23,3707.0600590000004
2015-11-24,4820.279785
2009-12-01,3775.73999
2012-08-08,3438.26001
2006-12-04,5296.080078
2006-11-22,5452.490234000001
2011-03-21,3904.4499509999996
2007-10-03,5806.180176
2009-04-20,2969.399902
2013-02-25,3721.330078
2008-02-20,4812.810059
2011-03-14,3878.040039
2015-05-22,5142.890136999999
2013-05-03,3912.9499509999996
2014-01-03,4247.649902
2011-09-21,2935.820068
2007-04-17,5858.140136999999
2009-01-13,3197.889893
2013-08-05,4049.969971
2008-11-20,2980.419922
2016-04-20,4591.919922
2006-10-17,5302.990234000001
2007-08-22,5518.169922
2013-03-12,3839.969971
2016-07-19,4330.129883
2010-06-02,3501.5
2008-09-30,4032.100098
2011-03-17,3786.209961
2012-03-20,3530.830078
2015-12-16,4624.669922
2013-08-06,4032.570068
