N,price,dividend
1,39.37560193,2.305778491
2,38.72663551,2.237538941
3,39.09478127,2.204911742
4,41.70143312,2.287420382
5,43.76772616,2.341483293
6,44.09023179,2.378311258
7,43.2669702,2.378311258
8,44.51597981,2.416316232
9,43.90968801,2.358784893
10,41.00202102,2.322554568
11,41.44866613,2.322554568
12,41.40474308,2.271146245
13,42.45296443,2.271146245
14,42.62766798,2.358498024
15,43.37383178,2.323598131
16,43.59405941,2.272277228
17,43.59405941,2.356435644
18,43.50460476,2.374520338
19,43.89018692,2.409657321
20,43.03863988,2.476429675
21,41.9781274,2.459324635
22,43.07333333,2.513333333
23,41.65841584,2.524752475
24,43.29482226,2.561823802
25,43.63639876,2.561823802
26,43.01398337,2.589191232
27,42.67989418,2.589191232
28,42.0952381,2.589191232
29,43.124034,2.647217929
30,43.81289809,2.815286624
31,43.72492038,2.815286624
32,43.72492038,2.815286624
33,40.38176752,2.815286624
34,37.73390383,2.971882641
35,37.54583684,3.06686291
36,40.09934319,2.993842365
37,41.62732417,2.94785772
38,42.87793048,2.94785772
39,42.25262732,2.94785772
40,41.73234811,2.993842365
41,40.98013245,3.018625828
42,41.76525424,3.090254237
43,41.4491169,3.06686291
44,41.85889831,3.090254237
45,42.51440678,3.090254237
46,43.11498708,3.140826873
47,43.87358818,3.168114683
48,43.58557776,3.168114683
49,43.58557776,3.168114683
50,43.48957428,3.168114683
51,44.06559513,3.072111208
52,44.25710594,3.045650301
53,43.63383392,3.123674912
54,43.4851752,3.176999102
55,43.58445642,3.07771788
56,43.39314337,3.050311665
57,43.38589398,3.07771788
58,42.69092543,3.07771788
59,43.73958333,3.002717391
60,44.13939671,3.030164534
61,45.42211982,3.055299539
62,46.03317972,3.055299539
63,45.93133641,3.055299539
64,44.61116279,3.08372093
65,44.54098361,3.196721311
66,45.44846383,3.28543112
67,44.90089197,3.28543112
68,42.6586444,3.256385069
69,39.66391051,3.224708171
70,38.7330468,3.166189112
71,37.67045455,3.139204545
72,36.79906977,3.08372093
73,35.85694698,2.929159049
74,34.62195122,2.902439024
75,34.40913556,2.930746562
76,31.0286533,2.744030564
77,30.47560976,2.591463415
78,29.89742319,2.737859267
79,30.93565815,2.605108055
80,34.39030612,2.593367347
81,36.90927835,2.506185567
82,37.70670103,2.392268041
83,37.87907466,2.323869611
84,37.76288118,2.20767613
85,38.9084507,2.274647887
86,38.48740416,2.299561884
87,40.04697987,2.348434004
88,41.5779661,2.372316384
89,43.11565421,2.452686916
90,45.01851852,2.508363202
91,45.40023613,2.348288076
92,44.53563084,2.323598131
93,45.43925234,2.323598131
94,45.40023613,2.348288076
95,45.81063321,2.376344086
96,46.60452323,2.431540342
97,47.77657005,2.402173913
98,48.979092,2.376344086
99,48.71074879,2.535628019
100,50.92726161,2.566625917
101,53.22371638,2.566625917
102,54.08899876,2.595179234
103,54.57457213,2.566625917
104,54.97982885,2.566625917
105,55.05430933,2.609208973
106,57.84563758,2.472035794
107,57.83067941,2.346072187
108,56.04742268,2.278350515
109,56.52202202,2.322822823
110,57.51751752,2.322822823
111,58.04261645,2.409316155
112,59.00927835,2.506185567
113,55.95382166,2.697983015
114,57.34507042,2.753521127
115,59.97887324,2.873239437
116,62.13380282,2.873239437
117,61.41523605,2.964055794
118,63.19366953,2.964055794
119,65.80732484,3.049893843
120,67.85699264,3.021030494
121,72.61093418,3.167197452
122,71.6913775,3.137223975
123,72.50473186,3.253417455
124,71.52029136,3.219562955
125,75.52576236,3.369610936
126,76.4553102,3.369610936
127,73.01508845,3.449531738
128,69.90816327,3.382653061
129,67.8413556,3.364931238
130,66.10651751,3.332198444
131,67.19007859,3.473477407
132,65.23624754,3.473477407
133,64.25933202,3.473477407
134,62.2368677,3.439688716
135,62.12937743,3.439688716
136,61.59016393,3.409836066
137,60.26313276,3.377268386
138,59.43560606,3.348484848
139,63.32378223,3.377268386
140,64.66761364,3.348484848
141,67.07392996,3.439688716
142,65.88752456,3.473477407
143,63.62784936,3.504459861
144,64.5965966,3.53953954
145,64.26476476,3.53953954
146,62.20416254,3.504459861
147,63.6011011,3.53953954
148,65.51868687,3.571717172
149,65.05969388,3.608163265
150,67.62460568,3.834384858
151,67.9361588,3.912553648
152,64.85354077,3.912553648
153,66.20422535,3.950704225
154,64.4084507,3.950704225
155,66.08214677,3.993975904
156,63.92957746,3.950704225
157,62.01408451,3.950704225
158,63.69014085,3.950704225
159,63.45070423,3.950704225
160,61.85066372,3.911504425
161,58.05932203,3.995480226
162,55.68700565,3.995480226
163,56.32342857,4.041142857
164,59.85942857,4.041142857
165,58.56755196,4.083140878
166,57.31542056,4.001752336
167,57.42831541,4.092592593
168,57.91908213,4.137077295
169,56.58454106,4.003623188
170,57.69235364,3.960573477
171,59.16748166,3.917481663
172,58.31944444,3.870169082
173,59.00618047,3.82447466
174,60.14556962,3.916455696
175,61.68085106,3.734042553
176,65.13829787,3.595744681
177,65.04113924,3.636708861
178,68.81772152,3.496835443
179,72.46808511,3.457446809
180,70.24449878,3.24205379
181,71.91489362,3.319148936
182,73.29787234,3.319148936
183,72.5943038,3.356962025
184,72.53333333,3.258333333
185,72.89224704,3.339684625
186,77.14428191,3.379654255
187,77.3935611,3.339684625
188,76.96303502,3.296368353
189,78.9695201,3.296368353
190,80.97600519,3.15304799
191,82.98249027,3.15304799
192,79.9,3.116666667
193,77.17021277,3.042553191
194,75.66996292,3.141532756
195,77.44561187,3.141532756
196,79.22126082,3.141532756
197,80.58714462,3.141532756
198,79.24468085,3.319148936
199,78.18924051,3.356962025
200,75.37234043,3.319148936
201,75.25189873,3.356962025
202,71.91489362,3.457446809
203,72.39184178,3.414709518
204,70.33031401,3.336352657
205,70.10215054,3.300477897
206,70.46376812,3.336352657
207,67.79468599,3.336352657
208,68.89364303,3.24205379
209,70.61619283,3.278121137
210,69.28723404,3.319148936
211,70.20642769,3.278121137
212,71.70889988,3.278121137
213,73.48454883,3.278121137
214,72.2707824,3.106968215
215,69.92995169,3.069444444
216,68.59541063,3.069444444
217,72.46808511,3.180851064
218,74.13291139,3.217088608
219,73.525,3.258333333
220,73.38333333,3.258333333
221,77.24835742,3.339684625
222,78.55519054,3.339684625
223,76.95795007,3.194480946
224,77.97437582,3.194480946
225,78.82619974,3.15304799
226,77.39299611,3.15304799
227,76.67639429,3.15304799
228,75.36666667,3.116666667
229,78.1195795,3.194480946
230,77.24835742,3.194480946
231,76.66754271,3.194480946
232,78.26478318,3.194480946
233,80.5460441,3.15304799
234,79.97276265,3.15304799
235,79.39948119,3.15304799
236,74.81914894,3.042553191
237,72.66501854,3.004944376
238,69.3868974,3.004944376
239,65.88037975,3.07721519
240,64.34177215,3.07721519
241,68.56666667,3.116666667
242,68.53797468,3.07721519
243,66.5212766,3.042553191
244,67.88442522,3.004944376
245,68.45744681,3.042553191
246,68.70833333,3.116666667
247,68.36381323,3.15304799
248,70.65693904,3.15304799
249,77.3935611,3.194480946
250,77.3935611,3.194480946
251,77.14428191,3.232712766
252,79.49534574,3.232712766
253,83.06343793,3.316507503
254,83.21418827,3.316507503
255,86.35714286,3.55952381
256,87.42684659,3.610085227
257,87.42684659,3.610085227
258,86.95596591,3.610085227
259,84.67081604,3.515214385
260,84.72169168,3.467257844
261,82.6111869,3.618008186
262,84.26944065,3.618008186
263,81.84640957,3.526595745
264,80.00722733,3.484888305
265,78.46898734,3.356962025
266,76.20212766,3.319148936
267,75.225,3.4
268,76.10311284,3.439688716
269,70.27858081,3.484888305
270,68.65296496,3.723045822
271,63.88520055,3.820885201
272,64.86906475,3.974820144
273,66.78907331,3.820885201
274,67.83765348,3.768758527
275,70.72619048,3.869047619
276,69.21946023,3.924005682
277,69.68759124,4.032846715
278,71.59615385,3.923076923
279,75.85312024,4.03652968
280,76.86225266,4.03652968
281,74.00304414,3.868340944
282,72.99391172,3.868340944
283,71.48021309,3.868340944
284,72.08653846,3.596153846
285,72.26861314,3.548905109
286,72.00750751,3.65015015
287,72.00750751,3.484234234
288,72.32115677,3.53196347
289,71.48021309,3.53196347
290,70.47108067,3.53196347
291,70.47108067,3.53196347
292,70.49416058,3.226277372
293,73.29568345,3.179856115
294,73.77130682,3.139204545
295,75.04460432,3.179856115
296,77.26934307,3.226277372
297,77.75328467,3.226277372
298,76.62408759,3.064963504
299,74.04306569,3.064963504
300,70.61538462,3.105769231
301,70.8460961,3.152402402
302,74.84398782,3.195585997
303,73.66666667,3.195585997
304,75.48840804,3.244976816
305,76.32653061,3.295918367
306,76.01273885,3.343152866
307,71.08598726,3.167197452
308,67.03901274,3.167197452
309,70.55812102,3.167197452
310,70.02318393,3.074188563
311,72.67117117,2.986486486
312,70.01651652,2.986486486
313,72.07264297,3.074188563
314,71.38948995,3.074188563
315,71.56027821,3.074188563
316,70.42857143,3.12244898
317,71.78980892,3.167197452
318,75.13296178,3.167197452
319,78.47611465,3.167197452
320,79.88964992,3.02739726
321,81.40384615,2.942307692
322,79.97147147,2.986486486
323,77.1509009,2.986486486
324,78.81006006,2.986486486
325,80.96696697,2.986486486
326,79.60576923,2.942307692
327,76.00961538,3.105769231
328,74.70192308,3.105769231
329,74.43084371,2.903872752
330,82.71153846,3.105769231
331,84.28528529,3.152402402
332,87.43768769,3.152402402
333,87.27177177,3.318318318
334,85.4466967,3.318318318
335,88.26726727,3.318318318
336,92.35576923,3.269230769
337,99.38461538,3.269230769
338,100.3244604,3.179856115
339,101.7553957,3.179856115
340,101.7102273,3.139204545
341,97.47230114,3.139204545
342,93.94047619,3.25
343,95.98063624,3.209543568
344,97.08321965,3.165757162
345,92.49474376,3.049277267
346,90.86511025,3.009727626
347,91.51666667,2.975
348,84.20379747,2.937341772
349,85.32278481,3.07721519
350,85.88297872,3.180851064
351,86.57446809,3.180851064
352,87.68085106,3.319148936
353,85.56666667,3.541666667
354,83.98573281,3.726329442
355,83.01666667,3.683333333
356,85.13229572,3.869649805
357,82.16666667,3.966666667
358,86.13553826,4.156290532
359,92.87159533,4.156290532
360,99.75492773,4.356110381
361,101.3274968,4.299610895
362,105.2726675,4.356110381
363,109.0479632,4.50131406
364,119.6103723,4.55518617
365,113.5857713,4.55518617
366,124.900266,4.55518617
367,115.1465177,4.50131406
368,115.229572,4.442931258
369,113.3333333,4.533333333
370,112.0583333,4.533333333
371,113.0177215,4.475949367
372,109.9468085,4.425531915
373,113.5772152,4.475949367
374,114.5563291,4.475949367
375,114.6962025,4.475949367
376,117.2765957,4.425531915
377,115.5537701,4.370828183
378,113.6069682,4.457823961
379,116.1735941,4.457823961
380,120.6075402,4.507416564
381,119.5507335,4.457823961
382,108.2268571,4.167428571
383,107.4994097,4.305194805
384,103.916472,4.259929907
385,107.948037,4.21073903
386,107.3100462,4.21073903
387,106.6714456,4.48864994
388,102.3148148,4.48864994
389,102.6650367,4.592909535
390,96.99144254,4.592909535
391,92.53361858,4.592909535
392,89.56173594,4.592909535
393,86.34480676,4.67089372
394,84.56356968,4.72799511
395,85.77750309,4.780593325
396,89.73856613,4.780593325
397,89.147343,4.67089372
398,84.79929162,4.435655254
399,85.5483871,4.48864994
400,88.61352657,4.537439614
401,88.78244747,4.507416564
402,88.91903585,4.507416564
403,92.60692213,4.507416564
404,94.69498778,4.322738386
405,97.6884058,4.270531401
406,103.4269324,4.270531401
407,106.5861865,4.044273908
408,107.6298701,4.044273908
409,109.9781582,4.044273908
410,114.8051948,4.044273908
411,119.4772999,4.224611708
412,118.0250896,4.224611708
413,113.4359903,4.270531401
414,114.7705314,4.270531401
415,118.3737923,4.270531401
416,121.4575866,4.224611708
417,123.1781401,4.403985507
418,124.9130435,4.403985507
419,122.9097969,4.356630824
420,124.459268,4.305194805
421,128.7644628,4.435655254
422,127.8512397,4.435655254
423,124.7201889,4.566115702
424,123.0242031,4.566115702
425,118.5035047,4.647196262
426,120.0525701,4.776285047
427,120.9094203,4.937801932
428,126.9380165,4.957497048
429,129.4760514,4.905373832
430,122.876,4.925142857
431,123.9847458,4.869491525
432,121.6241611,4.944071588
433,119.3649718,4.994350282
434,113.1891593,5.011615044
435,103.2074944,5.067673378
436,103.7019016,5.067673378
437,98.033954,5.083242059
438,93.85915493,5.028169014
439,97.45070423,5.028169014
440,90.14788732,5.147887324
441,89.19014085,5.147887324
442,78.72532189,5.098175966
443,77.25111857,5.438478747
444,82.96971429,5.556571429
445,87.40473441,5.614318707
446,85.19859813,5.550817757
447,88.68399533,5.550817757
448,92.38106236,5.486720554
449,97.3573903,5.359122402
450,97.48498845,5.359122402
451,100.0182857,5.304
452,104.312,5.177714286
453,103.1754286,5.177714286
454,103.2581921,5.11920904
455,109.1403803,4.944071588
456,110.3777655,4.889380531
457,111.9832215,4.944071588
458,107.5663717,5.011615044
459,109.0331858,5.011615044
460,111.5774648,4.908450704
461,114.1754292,4.979613734
462,114.9575372,4.926751592
463,116.5997877,4.926751592
464,118.2849632,4.996319664
465,117.1690947,4.944328824
466,115.3484694,4.848469388
467,113.6252525,4.911111111
468,113.9289289,4.866866867
469,112.5090909,4.911111111
470,108.4909091,5.022727273
471,109.0763132,4.92814668
472,105.5068762,4.884577603
473,105.7437437,4.977477477
474,101.5707071,5.134343434
475,96.43636364,5.134343434
476,99.78826531,5.186734694
477,101.5005155,5.240206186
478,109.3269639,5.513269639
479,111.4577465,5.626760563
480,108.3450704,5.626760563
481,110.9788732,5.626760563
482,116.5564877,5.809284116
483,113.9225664,5.745022124
484,117.1931429,5.935428571
485,119.7188571,5.935428571
486,122.1182857,5.935428571
487,120.2389831,5.868361582
488,110.9841183,5.688389923
489,103.7957746,5.626760563
490,104.3943662,5.626760563
491,109.7738226,5.688389923
492,111.3556416,5.745022124
493,110.3789704,5.688389923
494,108.2253521,5.626760563
495,109.0923567,5.513269639
496,109.2469072,5.354123711
497,109.1329897,5.354123711
498,110.1550468,5.51925078
499,110.2700312,5.51925078
500,111.7530928,5.468041237
501,111.1765306,5.412244898
502,110.9510204,5.412244898
503,109.7107143,5.412244898
504,106.8546392,5.468041237
505,104.8622449,5.412244898
506,101.1413265,5.412244898
507,99.2244898,5.412244898
508,99.11173469,5.412244898
509,97.39948454,5.468041237
510,91.55714286,5.412244898
511,91.86010101,5.357575758
512,94.31565657,5.357575758
513,94.2565,5.304
514,91.273,5.304
515,88.07178218,5.251485149
516,88.842,5.304
517,92.4885,5.304
518,94.65050505,5.245959596
519,92.86464646,5.245959596
520,91.55714286,5.186734694
521,91.19040404,5.134343434
522,90.74393939,5.022727273
523,84.864,4.9725
524,83.2,4.766666667
525,83.2,4.766666667
526,84.02376238,4.704455446
527,83.2,4.658333333
528,80.41336634,4.595049505
529,81.83564356,4.595049505
530,81.549,4.641
531,84.49343434,4.687878788
532,89.947,4.641
533,86.97772277,4.595049505
534,87.96237624,4.704455446
535,87.63415842,4.704455446
536,91.3539604,4.704455446
537,94.74554455,4.704455446
538,99.01666667,4.658333333
539,101.4883495,4.613106796
540,101.7029126,4.613106796
541,99.13125,4.675
542,97.75,4.78125
543,96.50333333,4.840952381
544,94.5504717,4.899528302
545,95.73224299,4.957009346
546,95.76666667,5.115740741
547,94.43657407,5.218055556
548,94.27981651,5.271559633
549,96.36396396,5.276126126
550,97.5920354,5.280530973
551,98.10478261,5.284782609
552,93.35344828,5.334482759
553,90.38333333,5.383333333
554,83.15125,5.340833333
555,85.72958333,5.432916667
556,80.41944444,5.261904762
557,76.48671875,5.266015625
558,76.84,5.355
559,75.88242188,5.525
560,72.505,5.525
561,67.46315789,5.483458647
562,62.86222222,5.484074074
563,57.6237037,5.565925926
564,54.84671533,5.565328467
565,56.9075,5.367142857
566,58.22801418,5.25070922
567,57.46,5.209285714
568,56.10598592,5.058098592
569,56.69793103,4.877241379
570,56.00170068,4.735714286
571,54.95728477,4.537086093
572,54.38896104,4.376948052
573,53.06815287,4.222929936
574,54.283125,4.0746875
575,54.6398773,3.93190184
576,52.90606061,3.817272727
577,52.57121212,3.817272727
578,53.74938272,3.819753086
579,54.71097561,3.773170732
580,55.51467066,3.705389222
581,58.65,3.596153846
582,60.21923077,3.596153846
583,60.39396552,3.492816092
584,55.37485876,3.371186441
585,55.93286517,3.352247191
586,57.8140884,3.296685083
587,54.89162162,3.165675676
588,52.15132275,3.098677249
589,50.55518135,3.034455959
590,45.9,3.003333333
591,48.63121827,2.97284264
592,46.81280788,2.830541872
593,43.23446602,2.789320388
594,41.87368421,2.749282297
595,42.021875,2.7625
596,41.36945813,2.830541872
597,43.48175,2.873
598,43.75577889,2.831909548
599,41.74444444,2.846212121
600,38.78891753,2.904896907
601,41.35026316,2.966052632
602,42.39836957,3.002717391
603,41.5431694,3.019125683
604,42.18535912,2.991436464
605,44.44971751,3.059039548
606,41.12357955,3.076420455
607,40.76638418,2.996610169
608,40.26694915,2.996610169
609,41.73742857,2.967714286
610,42.30571429,2.967714286
611,44.83505747,2.921264368
612,46.69104046,2.938150289
613,47.73076923,3.007692308
614,48.77692308,3.073076923
615,51.21377246,3.10988024
616,54.32365269,3.176047904
617,56.44101796,3.176047904
618,55.91167665,3.242215569
619,55.9735119,3.222916667
620,58.77801205,3.261746988
621,60.30903614,3.328313253
622,61.27125749,3.308383234
623,57.88095238,3.354464286
624,57.40769231,3.334615385
625,58.53869048,3.354464286
626,61.03809524,3.354464286
627,62.02470238,3.420238095
628,59.5,3.4
629,56.68846154,3.4
630,54.21,3.38
631,51.78081395,3.340697674
632,52.34210526,3.360233918
633,52.35901163,3.40494186
634,51.28988439,3.385260116
635,52.82283237,3.385260116
636,54.61127168,3.385260116
637,56.39971098,3.385260116
638,56.98459302,3.40494186
639,56.21929825,3.489473684
640,55.25,3.51
641,55.055,3.51
642,56.095,3.51
643,58.35175439,3.489473684
644,60.71,3.51
645,59.77339181,3.554093567
646,58.65494186,3.533430233
647,61.93139535,3.533430233
648,64.89479769,3.51300578
649,67.57745665,3.51300578
650,68.54854651,3.597674419
651,66.36387283,3.576878613
652,66.04302326,3.661918605
653,67.76907514,3.640751445
654,68.19428571,3.662285714
655,69.29661017,3.620903955
656,70.23305085,3.620903955
657,71.85621469,3.683333333
658,74.22853107,3.683333333
659,75.26277778,3.683333333
660,76.91787709,3.703910615
661,78.09078212,3.765642458
662,78.21424581,3.827374302
663,73.31488764,3.848876404
664,70.86815642,3.889106145
665,71.76292135,3.973033708
666,75.6019774,4.057909605
667,79.68628571,4.104285714
668,83.31954023,4.19137931
669,84.10628571,4.230571429
670,81.74488636,4.269318182
671,82.34435028,4.24519774
672,84.21723164,4.307627119
673,84.61142857,4.42
674,86.74885057,4.445402299
675,88.5916185,4.534971098
676,90.7632948,4.598843931
677,93.35344828,4.572413793
678,93.48551136,4.583238636
679,97.21445087,4.726589595
680,102.9834302,4.754069767
681,108.200578,4.790462428
682,105.9275862,4.826436782
683,108.967052,4.85433526
684,111.5219653,4.918208092
685,111.9690751,4.982080925
686,111.9216374,5.040350877
687,117.9312865,5.10497076
688,125.3625731,5.169590643
689,128.4883721,5.139534884
690,122.9070175,5.234210526
691,123.8116959,5.298830409
692,127.8181287,5.298830409
693,135.2187861,5.301445087
694,138.7674419,5.396511628
695,148.147093,5.396511628
696,149.5950292,5.492690058
697,160.6450292,5.557309942
698,161.4850877,5.621929825
699,165.295,5.72
700,165.2923077,5.819230769
701,166.79,5.85
702,168.9809942,5.880409357
703,181.9098266,5.876300578
704,192.2572254,5.94017341
705,199.9219653,6.004046243
706,178.7800578,6.067919075
707,131.450289,6.131791908
708,137.4825581,6.231686047
709,140.2897661,6.268128655
710,149.955,6.305
711,156.5307692,6.342307692
712,165.49,6.305
713,156.5307692,6.342307692
714,141.5452381,6.445833333
715,140.1885542,6.523493976
716,139.23,6.563030303
717,138.3246988,6.523493976
718,120.009697,6.563030303
719,111.9823171,6.60304878
720,106.4506211,6.726086957
721,111.0559748,6.741194969
722,121.0573248,6.686305732
723,124.1708333,6.658333333
724,113.0664516,6.63
725,103.4944444,6.572222222
726,101.4990066,6.586092715
727,104.8652318,6.512913907
728,101.718543,6.366556291
729,87.14766667,6.335333333
730,76.01510067,6.303691275
731,78.10170068,6.239115646
732,63.87808219,6.206164384
733,64.13636364,6.104545455
734,64.49751773,6.034397163
735,65.195,5.840714286
736,49.92374101,5.644244604
737,44.4419708,5.565328467
738,38.75625,5.3625
739,40.70625,5.11875
740,61.63444444,4.992962963
741,68.1141791,4.782835821
742,59.15488722,4.569548872
743,59.01704545,4.436742424
744,57.52748092,4.217557252
745,60.73217054,4.282945736
746,54.37992126,4.263385827
747,54.63611111,4.297222222
748,60.42420635,4.20952381
749,77.78849206,4.20952381
750,90.4011811,4.089370079
751,94.72633588,3.964503817
752,89.32083333,3.850757576
753,88.56742424,3.850757576
754,79.94507576,3.767045455
755,81.87045455,3.767045455
756,83.46098485,3.683333333
757,88.23257576,3.683333333
758,94.04962406,3.655639098
759,89.23082707,3.655639098
760,90.72631579,3.655639098
761,81.50413534,3.655639098
762,81.96791045,3.710820896
763,78.09216418,3.710820896
764,75.04104478,3.710820896
765,72.15,3.65625
766,73.25740741,3.683333333
767,75.3037037,3.683333333
768,76.36044776,3.710820896
769,75.2375,3.65625
770,72.42992701,3.629562044
771,67.83248175,3.629562044
772,72.38550725,3.60326087
773,78.07065217,3.523188406
774,81.62481752,3.548905109
775,85.89963504,3.548905109
776,91.70693431,3.548905109
777,93.64270073,3.548905109
778,96.14306569,3.629562044
779,104.4144928,3.683333333
780,104.4144928,3.763405797
781,110.1797101,3.843478261
782,116.5054348,3.923550725
783,119.8562044,4.032846715
784,120.0175182,4.194160584
785,113.6456204,4.274817518
786,117.6264493,4.403985507
787,123.6964029,4.531294964
788,125.2596429,4.656785714
789,126.6803571,4.814642857
790,133.3103571,5.130357143
791,137.02,5.367142857
792,134.6521429,5.682857143
793,137.8507092,5.720921986
794,141.9258865,5.79929078
795,140.7707746,5.836267606
796,131.4409091,6.027272727
797,124.6961806,6.215625
798,120.0152778,6.445833333
799,126.2748276,6.248965517
800,127.5703448,6.020344828
801,108.7592466,5.827739726
802,92.94109589,5.903424658
803,85.35172414,6.020344828
804,84.56319444,6.138888889
805,88.01091549,6.147535211
806,86.51914894,6.191134752
807,80.79822695,6.112765957
808,76.96091549,5.991901408
809,78.21205674,5.877659574
810,80.01453901,5.79929078
811,95.92340426,5.564184397
812,96.47198582,5.407446809
813,92.08333333,5.172340426
814,103.0807143,4.814642857
815,103.1596429,4.42
816,100.1603571,4.025357143
817,98.66071429,4.025357143
818,98.57553957,4.13381295
819,98.49604317,4.13381295
820,86.71847826,4.163768116
821,89.92137681,4.24384058
822,91.52282609,4.24384058
823,93.76485507,4.323913043
824,92.40362319,4.403985507
825,100.0769504,4.388652482
826,101.8178571,4.577857143
827,100.0025,4.735714286
828,97.63464286,4.893571429
829,97.78057554,4.928776978
830,96.45071429,4.9725
831,95.89821429,4.9725
832,96.84535714,5.051428571
833,83.50642857,5.051428571
834,75.78262411,5.093971631
835,78.84964286,5.209285714
836,80.50714286,5.209285714
837,83.90107143,5.288214286
838,84.69035714,5.288214286
839,86.66357143,5.288214286
840,82.52234043,5.25070922
841,82.67907801,5.25070922
842,77.50673759,5.329078014
843,77.4278169,5.291549296
844,74.49090909,5.254545455
845,72.36215278,5.294791667
846,73.36598639,5.186734694
847,77.1244898,5.186734694
848,75.71845638,5.191275168
849,74.93509934,5.122516556
850,70.99444444,5.055555556
851,67.23279221,5.094480519
852,62.45032258,5.061612903
853,62.85127389,4.926751592
854,60.49525316,4.89556962
855,56.493125,4.7653125
856,53.80869565,4.667080745
857,53.75858896,4.54202454
858,56.4702454,4.474233129
859,58.21463415,4.379573171
860,57.5269697,4.219090909
861,58.12969697,4.152121212
862,61.66826347,4.036227545
863,62.28779762,3.946428571
864,62.24615385,3.857692308
865,65.97307692,3.857692308
866,69.89615385,3.857692308
867,71.11831395,3.790406977
868,72.65057471,3.74683908
869,75.07685714,3.725428571
870,76.40285714,3.725428571
871,78.4295977,3.74683908
872,74.9867052,3.832369942
873,76.1433908,3.810344828
874,75.44482759,3.810344828
875,71.95201149,3.873850575
876,72.9045977,3.873850575
877,75.25431034,3.873850575
878,74.74626437,3.937356322
879,76.84195402,3.937356322
880,75.07685714,3.914857143
881,76.40285714,3.978
882,79.54744318,3.955397727
883,81.15819209,3.933050847
884,79.9720339,3.995480226
885,78.66101695,3.995480226
886,80.59632768,3.995480226
887,80.03446328,3.995480226
888,81.32303371,3.973033708
889,83.74410112,3.973033708
890,86.53764045,4.03511236
891,86.4755618,4.03511236
892,88.64831461,4.03511236
893,91.48659218,4.012569832
894,92.12403315,3.968232044
895,90.23149171,3.968232044
896,90.53674033,4.029281768
897,96.70276243,4.029281768
898,100.7320442,4.029281768
899,104.0287293,4.029281768
900,105.2178571,4.007142857
901,109.4071429,4.067857143
902,110.3168508,4.090331492
903,105.8505464,4.106010929
904,112.061413,4.083695652
905,111.6945946,4.061621622
906,109.7909091,4.018181818
907,100.7335859,3.794949495
908,96.82425743,3.77450495
909,81.7375,3.7375
910,78.359375,3.71875
911,76.20868545,3.631455399
912,77.76116279,3.649069767
913,78.17232558,3.649069767
914,81.20465116,3.700465116
915,76.49223744,3.632876712
916,73.66666667,3.683333333
917,72.35479452,3.784246575
918,74.53727273,3.817272727
919,78.49481982,3.832657658
920,75.92577778,3.830666667
921,72.35347826,3.795434783
922,74.22717391,3.891521739
923,73.04480519,3.922510823
924,70.975,3.966666667
925,69.14409283,3.916455696
926,66.3,3.996808511
927,67.52777778,4.013888889
928,71.5,3.946428571
929,74.66841004,3.929916318
930,77.12074689,3.897302905
931,74.36106557,3.894672131
932,71.89265306,3.87877551
933,71.08081633,3.923877551
934,73.31946721,4.030532787
935,69.81590909,4.155165289
936,69.64709544,4.264107884
937,70.72,4.373958333
938,68.575,4.457142857
939,69.225,4.55
940,68.84288703,4.577196653
941,68.62142857,4.689285714
942,64.58933054,4.715899582
943,68.81772152,4.802320675
944,70.98928571,4.782142857
945,71.61694561,4.808368201
946,74.08628692,4.988818565
947,74.79642857,5.153571429
948,77.44364407,5.337711864
949,79.37191489,5.407446809
950,80.92361702,5.454468085
951,81.23622881,5.478177966
952,83.53050847,5.525
953,85.97552743,5.548312236
954,87.00714286,5.571428571
955,79.68838174,5.685477178
956,83.80720165,5.866049383
957,86.40737705,6.023155738
958,89.25345528,6.198780488
959,88.71315789,6.352631579
960,87.295,6.4974
961,92.27185039,6.482086614
962,94.59143969,6.449416342
963,92.64011628,6.510077519
964,93.88217054,6.552906977
965,93.56235521,6.612934363
966,91.94111969,6.655598456
967,93.56235521,6.612934363
968,97.65810811,6.527606178
969,99.40766284,6.435249042
970,98.5221374,6.241984733
971,95.05511364,6.069128788
972,97.61528302,5.879433962
973,100.8677358,5.879433962
974,99.78612167,5.966159696
975,100.0382129,5.966159696
976,99.36628788,5.985416667
977,99.32443182,6.027272727
978,101.66,6.046226415
979,103.7955056,6.00093633
980,104.2093633,6.00093633
981,102.5539326,6.00093633
982,100.4018727,5.959550562
983,103.5885768,5.876779026
984,107.7685393,5.835393258
985,108.7552632,5.857330827
986,107.8313208,5.879433962
987,107.9659774,5.857330827
988,102.6486842,5.857330827
989,102.8022472,5.876779026
990,98.74906716,5.854850746
991,100.1509328,5.854850746
992,100.1894052,5.833085502
993,95.58866171,5.833085502
994,98.09944444,5.852407407
995,100.6412639,5.915241636
996,101.9968401,5.956319703
997,104.5847584,5.99739777
998,106.8851301,5.99739777
999,109.1444238,6.038475836
1000,113.9222015,6.019776119
1001,118.0172862,5.99739777
1002,118.9620818,5.956319703
1003,123.7682156,5.99739777
1004,126.2328996,5.99739777
1005,129.6725746,6.061007463
1006,132.6824627,6.143470149
1007,137.8776119,6.267164179
1008,144.72603,6.37340824
1009,147.3333333,6.414794007
1010,152.2582397,6.414794007
1011,151.0580524,6.456179775
1012,156.2726592,6.456179775
1013,155.6104869,6.497565543
1014,164.6325843,6.497565543
1015,176.0166045,6.555783582
1016,174.9445896,6.597014925
1017,182.1401487,6.65464684
1018,172.9797398,6.695724907
1019,184.6459108,6.695724907
1020,187.0666045,6.761940299
1021,182.0363806,6.885634328
1022,183.1908582,7.009328358
1023,195.8076493,7.133022388
1024,197.3801115,7.18866171
1025,190.4692593,7.284814815
1026,187.971875,7.3125
1027,196.7222628,7.299452555
1028,196.2690476,7.407142857
1029,188.8985401,7.420437956
1030,185.8007273,7.272909091
1031,183.872,7.112181818
1032,185.9282609,6.966304348
1033,181.8846014,6.966304348
1034,173.4092058,6.901263538
1035,175.0113309,6.876438849
1036,178.4238351,6.851792115
1037,184.6139286,6.827321429
1038,186.9848754,6.803024911
1039,189.4118375,6.793992933
1040,178.9865724,6.833038869
1041,171.7240283,6.872084806
1042,161.0254417,6.911130742
1043,156.9955986,6.925704225
1044,156.9177817,6.964612676
1045,158.8727273,6.877272727
1046,159.4136364,6.877272727
1047,161.5678819,6.791145833
1048,161.8882353,6.729411765
1049,167.0882353,6.652941176
1050,171.1029412,6.614705882
1051,175.1996552,6.591896552
1052,182.3823529,6.614705882
1053,187.2,6.614705882
1054,194.8088235,6.652941176
1055,200.0431034,6.63
1056,204.5205882,6.691176471
1057,211.9313793,6.706206897
1058,209.4147059,6.729411765
1059,214.7294118,6.767647059
1060,217.5706897,6.782413793
1061,220.8475862,6.782413793
1062,218.1900344,6.797079038
1063,226.0708904,6.811643836
1064,224.7842466,6.811643836
1065,215.1544369,6.826109215
1066,214.2346939,6.84047619
1067,215.0991497,6.84047619
1068,221.9772109,6.878061224
1069,218.8503413,7.052389078
1070,209.6493197,7.141156463
1071,206.7928571,7.291496599
1072,208.7513559,7.266779661
1073,206.8410169,7.304237288
1074,213.7577703,7.279560811
1075,208.4567568,7.279560811
1076,210.9579392,7.279560811
1077,204.6116554,7.279560811
1078,199.2337248,7.230704698
1079,205.6857383,7.230704698
1080,210.6174497,7.230704698
1081,221.4449664,7.230704698
1082,230.529698,7.193624161
1083,237.7604027,7.193624161
1084,244.1011745,7.193624161
1085,246.5855705,7.193624161
1086,243.3224832,7.193624161
1087,241.0373333,7.1825
1088,250.5282609,7.206521739
1089,247.741,7.219333333
1090,250.4666667,7.293
1091,261.8113333,7.366666667
1092,264.2423333,7.440333333
1093,254.4078333,7.477166667
1094,257.7843854,7.452325581
1095,258.0413621,7.489036545
1096,248.990894,7.500827815
1097,230.4766556,7.500827815
1098,203.5468543,7.537417219
1099,207.7618812,7.549009901
1100,213.4145215,7.549009901
1101,210.8223684,7.560526316
1102,204.1705592,7.633223684
1103,218.2375,7.669572368
1104,227.6881579,7.742269737
1105,236.4845395,7.778618421
1106,239.6105263,7.778618421
1107,237.9191803,7.789344262
1108,249.1140984,7.861803279
1109,254.1137705,7.898032787
1110,253.175,7.944444444
1111,248.6070033,7.918566775
1112,255.481759,7.954560261
1113,262.2125407,7.954560261
1114,262.0069805,8.000487013
1115,260.536039,8.108116883
1116,265.2357605,8.153398058
1117,273.3891586,8.224919094
1118,276.7506472,8.260679612
1119,281.7928803,8.332200647
1120,285.8695793,8.403721683
1121,288.6588997,8.439482201
1122,286.0167742,8.483548387
1123,295.685209,8.52733119
1124,292.2903226,8.626129032
1125,296.3602894,8.669453376
1126,301.4766881,8.740514469
1127,302.6,8.783333333
1128,297.3583333,8.854166667
1129,305.0083333,8.925
1130,307.2395833,8.960416667
1131,306.5404153,9.002396166
1132,309.5759554,9.04410828
1133,314.1859873,9.114490446
1134,297.3708861,9.126740506
1135,296.9162975,9.196677215
1136,302.4412975,9.23164557
1137,312.5471519,9.301582278
1138,318.5676656,9.341955836
1139,321.216877,9.411671924
1140,318.747327,9.451572327
1141,324.272327,9.521069182
1142,320.0701563,9.530625
1143,305.9576324,9.569781931
1144,313.3684211,9.578947368
1145,296.8789474,9.613157895
1146,293.5070988,9.651697531
1147,291.856,9.69
1148,272.5328746,9.698318043
1149,262.9359327,9.765902141
1150,259.0536474,9.672948328
1151,272.0180851,9.672948328
1152,273.1600304,9.639361702
1153,283.6390578,9.672948328
1154,293.412766,9.706534954
1155,299.4215152,9.710606061
1156,303.658006,9.681268882
1157,308.1685241,9.652108434
1158,303.3938438,9.623123123
1159,307.7127246,9.62739521
1160,311.6759701,9.598656716
1161,315.0894345,9.60297619
1162,313.6626113,9.574480712
1163,302.9269231,9.546153846
1164,310.6386431,9.5179941
1165,307.9741935,9.49457478
1166,293.2127193,9.499122807
1167,287.0100583,9.503644315
1168,307.312064,9.508139535
1169,313.4676812,9.544637681
1170,320.0360231,9.521469741
1171,317.5687679,9.498567335
1172,309.7472857,9.534571429
1173,318.9074074,9.538888889
1174,324.9263456,9.516147309
1175,329.0028249,9.551694915
1176,331.5,9.555915493
1177,316.6011236,9.56011236
1178,313.2891061,9.537569832
1179,303.9515235,9.488919668
1180,308.3650138,9.46707989
1181,317.5357143,9.471428571
1182,299.3161202,9.449863388
1183,284.3873641,9.428532609
1184,281.2672973,9.377567568
1185,281.4920485,9.382075472
1186,282.9747989,9.331769437
1187,283.4988,9.311466667
1188,267.0465517,9.262068966
1189,264.001455,9.237566138
1190,253.4521053,9.218026316
1191,256.4352094,9.169764398
1192,246.6876623,9.098311688
1193,217.7365285,9.103367876
1194,215.2756443,9.056443299
1195,214.54,9.01
1196,220.7733333,9.038333333
1197,232.7829082,8.992219388
1198,236.6214467,8.890482234
1199,235.1752525,8.817676768
1200,250.013191,8.717839196
1201,259.5639447,8.690075377
1202,268.9387218,8.640601504
1203,275.145,8.591375
1204,283.8279302,8.569950125
1205,278.5806452,8.5
1206,271.4054187,8.437192118
1207,268.7837838,8.416461916
1208,263.3583333,8.36875
1209,269.2083333,8.36875
1210,262.849511,8.321271394
1211,250.6647922,8.321271394
1212,266.6249392,8.253892944
1213,277.7287105,8.253892944
1214,281.4673123,8.213922518
1215,287.4601449,8.194082126
1216,289.6963855,8.174337349
1217,286.078125,8.1546875
1218,286.1870504,8.135131894
1219,282.7112172,8.096300716
1220,292.0357143,8.103333333
1221,287.1425178,8.084085511
1222,286.3073286,8.098108747
1223,299.9658019,8.157193396
1224,305.5,8.19
1225,307.1173709,8.196713615
1226,294.1515152,8.139393939
1227,286.8406467,8.089722864
1228,279.5447248,8.084747706
1229,269.8314351,8.054669704
1230,262,8.05
1231,263.9029345,8.081715576
1232,254.3215078,7.96286031
1233,258.159292,7.994137168
1234,266.0723684,8.020942982
1235,245.5555556,8.040740741
1236,226.6924242,8.084199134
1237,227.9003219,8.06223176
1238,218.7759534,8.006567797
1239,225.2535565,7.952301255
1240,212.850625,7.965208333
1241,203.879321,7.912345679
1242,202.4856122,7.892857143
1243,177.4039474,7.896052632
1244,168.0263,7.8676
1245,148.7600791,7.839822134
1246,150.1589041,7.763111546
1247,153.9275728,7.724271845
1248,142.7983622,7.664739884
1249,153.8940499,7.677735125
1250,168.5914286,7.682380952
1251,175.6677419,7.69516129
1252,176.9671078,7.686956522
1253,187.143797,7.685150376
1254,190.488806,7.648414179
1255,188.5635609,7.563745387
1256,174.4190608,7.549815838
1257,171.3559524,7.508333333
1258,178.2693078,7.447176685
1259,179.9771248,7.373327306
1260,176.6009009,7.326846847
1261,192.5005396,7.313669065
1262,199.2168459,7.307258065
1263,199.8488372,7.294186047
1264,200.7121212,7.307575758
1265,197.9221239,7.314513274
1266,198.0440141,7.314788732
1267,201.647986,7.33441331
1268,198.8614983,7.353832753
1269,202.3914931,7.385850694
1270,194.4723661,7.481174439
1271,192.8034483,7.582586207
1272,198.7860825,7.68943299
1273,196.0666667,7.744444444
1274,188.8409475,7.740609137
1275,186.8285714,7.781428571
1276,182.4170833,7.827083333
1277,180.9781095,7.879767828
1278,180.7503295,7.937067545
1279,181.5098361,7.988606557
1280,176.4930556,8.034722222
1281,173.1826547,8.098534202
1282,168.1537338,8.17987013
1283,168.3027464,8.229483037
1284,166.94219,8.309742351
1285,159.562,8.32728
1286,156.3162162,8.362162162
1287,154.8045741,8.365930599
1288,160.3201095,8.369640063
1289,166.8806977,8.343178295
1290,165.5127301,8.321395706
1291,163.4626332,8.325342466
1292,173.9537879,8.337727273
1293,172.6458647,8.341503759
1294,165.6676602,8.299850969
1295,155.2738131,8.279302671
1296,156.8708272,8.275258493
1297,161.3170571,8.26727672
1298,157.0827062,8.251519537
1299,158.467765,8.232091691
1300,159.8024079,8.217067989
1301,154.1281818,8.175454545
1302,155.43361,8.161410788
1303,155.244186,8.162790698
1304,160.8089431,8.160230352
1305,160.8619303,8.161595174
1306,153.5538564,8.169946809
1307,150.9729908,8.152832675
1308,155.3050847,8.139830508
1309,157.5122108,8.095758355
1310,161.4784537,8.052915082
1311,144.4363296,8.001248439
1312,140.5123457,7.980555556
1313,145.4871638,7.956540342
1314,153.1233374,7.936759371
1315,160.0713422,7.990205562
1316,163.8265306,7.998979592
1317,166.4077381,7.984940476
1318,169.6591981,7.94870283
1319,175.3783626,7.922397661
1320,170.9356895,7.887369641
1321,168.9252874,7.874712644
1322,161.4129693,7.844368601
1323,166.3118644,7.841129944
1324,166.6801347,7.837934905
1325,162.0584633,7.813752784
1326,161.3592715,7.793543046
1327,155.7374454,7.756713974
1328,155.1549296,7.757746479
1329,140.2591202,7.730257511
1330,141.7334047,7.761027837
1331,144.9354322,7.771558164
1332,145.5308511,7.793776596
1333,137.4512195,7.804135737
1334,133.7447146,7.814429175
1335,129.5597884,7.857777778
1336,135.4178082,7.859589041
1337,134.2609603,7.820354906
1338,124.9675258,7.757783505
1339,123.9866667,7.729333333
1340,124.0721597,7.736131013
1341,138.1532176,7.731613892
1342,149.3212831,7.719246436
1343,155.7147959,7.735
1344,157.8247951,7.778022541
1345,163.0383436,7.773415133
1346,165.6935649,7.78804903
1347,171.4499489,7.799336057
1348,176.7327586,7.755172414
1349,182.7928427,7.719405242
1350,184.7959799,7.707236181
1351,184.7197197,7.698498498
1352,179.0938124,7.69750499
1353,183.4716981,7.68123138
1354,183.4737624,7.691237624
1355,180.3814229,7.708794466
1356,179.3307009,7.733909181
1357,180.4435721,7.720902846
1358,169.7426758,7.715576172
1359,169.5194932,7.732846004
1360,168.9117362,7.738215325
1361,167.3529981,7.769197292
1362,163.1393443,7.789344262
1363,160.3895293,7.780643612
1364,173.8392344,7.782583732
1365,174.8004762,7.766571429
1366,172.9382716,7.79691358
1367,174.5123457,7.849382716
1368,172.6234568,7.901851852
1369,179.7327014,7.928767773
1370,188.579717,7.943490566
1371,186.3129699,7.955169173
1372,186.6819457,7.948971001
1373,190.4142591,7.939934762
1374,193.991171,7.948605948
1375,197.3214286,7.96461039
1376,192.6587963,7.990787037
1377,187.8397969,7.999261311
1378,189.2833487,7.990156394
1379,200.2178899,7.988440367
1380,209.5759378,7.98673376
1381,209.9096715,8.00520073
1382,221.8087832,8.067612077
1383,235.9296875,8.1453125
1384,242.1639042,8.190837937
1385,242.0041322,8.188567493
1386,247.5401826,8.173972603
1387,242.3936073,8.2143379
1388,246.786691,8.249726527
1389,238.9487296,8.252404719
1390,237.8304624,8.264959202
1391,245.3220109,8.267481884
1392,248.6,8.28
