"Date";"Fermeture";"Ouverture";"Valeur Haute";"Valeur Basse";"Volume";
"02/04/2014";"15";"17,65";"17,65";"15";"190504";
"03/04/2014";"14,75";"15,1";"15,14";"14,37";"77521";
"04/04/2014";"14,75";"14,75";"14,89";"14,42";"40640";
"07/04/2014";"14,5";"14,8";"14,8";"14,21";"37299";
"08/04/2014";"14,45";"14,5";"14,5";"14";"25515";
"09/04/2014";"14,49";"14,46";"14,49";"14";"17240";
"10/04/2014";"14,2";"14,49";"14,5";"14,19";"12974";
"11/04/2014";"14";"14,03";"14,2";"13,91";"12347";
"14/04/2014";"13,02";"14,17";"14,19";"13,02";"12542";
"15/04/2014";"13,27";"13,05";"13,97";"13,05";"3458";
"16/04/2014";"13,67";"13,73";"13,9";"13,54";"4936";
"17/04/2014";"13,92";"13,8";"14,2";"13,8";"7126";
"22/04/2014";"13,91";"14";"14,2";"13,91";"4864";
"23/04/2014";"13,97";"14";"14,09";"13,96";"1850";
"24/04/2014";"13,99";"13,98";"14,3";"13,96";"4663";
"25/04/2014";"13,96";"14";"14,2";"13,93";"1995";
"28/04/2014";"13,93";"14";"14,03";"13,93";"935";
"29/04/2014";"13,8";"13,92";"14";"13,62";"1580";
"30/04/2014";"13,56";"13,5";"13,8";"13,3";"5341";
"02/05/2014";"13,21";"13,5";"13,66";"13,1";"3168";
"05/05/2014";"13,54";"13,26";"13,54";"13,25";"5580";
"06/05/2014";"14";"13,61";"14";"13,55";"13823";
"07/05/2014";"14";"13,99";"14";"13,7";"1128";
"08/05/2014";"14,19";"14";"14,19";"14";"653";
"09/05/2014";"14,2";"14,2";"14,23";"13,85";"2337";
"12/05/2014";"14,04";"14,2";"14,2";"13,9";"1922";
"13/05/2014";"14,2";"14";"14,2";"13,95";"1799";
"14/05/2014";"14,19";"14,19";"14,2";"14,03";"1680";
"15/05/2014";"14";"14";"14,05";"14";"1904";
"16/05/2014";"13,8";"14";"14,01";"13,8";"1276";
"19/05/2014";"13,83";"13,97";"14,19";"13,83";"1938";
"20/05/2014";"13,8";"14,08";"14,08";"13,61";"659";
"21/05/2014";"14";"13,9";"14";"13,9";"1409";
"22/05/2014";"14,15";"14";"14,33";"14";"1869";
"23/05/2014";"14,38";"14,28";"14,38";"14,28";"1141";
"26/05/2014";"14,13";"14,02";"14,34";"14,02";"1292";
"27/05/2014";"14,02";"14,1";"14,26";"14,02";"1501";
"28/05/2014";"14";"13,91";"14,04";"13,89";"1725";
"29/05/2014";"14";"14";"14,04";"13,91";"810";
"30/05/2014";"14,04";"14";"14,04";"13,89";"1044";
"02/06/2014";"13,99";"13,9";"14,03";"13,89";"1225";
"03/06/2014";"14";"13,9";"14";"13,89";"10346";
"04/06/2014";"13,68";"13,9";"14";"13,63";"1427";
"05/06/2014";"13,99";"13,71";"13,99";"13,54";"6304";
"06/06/2014";"13,67";"13,62";"13,87";"13,61";"842";
"09/06/2014";"13,95";"13,84";"14,04";"13,73";"1953";
"10/06/2014";"14,55";"14,2";"14,8";"14,15";"37220";
"11/06/2014";"14,44";"14,55";"14,63";"14,1";"12075";
"12/06/2014";"14,2";"14,43";"14,47";"14,2";"4177";
"13/06/2014";"14,18";"14,1";"14,19";"13,97";"5164";
"16/06/2014";"14,29";"14,46";"14,46";"14,02";"2990";
"17/06/2014";"14,2";"14,2";"14,34";"14,01";"1033";
"18/06/2014";"14,2";"14,03";"14,3";"14,03";"1131";
"19/06/2014";"14,2";"14,6";"14,7";"14,15";"34547";
"20/06/2014";"14,17";"14,2";"14,25";"14,06";"10243";
"23/06/2014";"13,97";"14,05";"14,49";"13,97";"5036";
"24/06/2014";"13,89";"13,97";"14,2";"13,79";"4019";
"25/06/2014";"14,1";"13,9";"14,38";"13,87";"2290";
"26/06/2014";"14,18";"13,9";"14,24";"13,9";"1907";
"27/06/2014";"14,35";"14,1";"14,85";"13,84";"16047";
"30/06/2014";"14,35";"14,75";"14,75";"14,35";"32038";
"01/07/2014";"14,94";"14,59";"15";"14,5";"16491";
"02/07/2014";"15,05";"15";"15,35";"14,85";"19810";
"03/07/2014";"14,72";"15,21";"15,35";"14,72";"5796";
"04/07/2014";"14,99";"14,75";"15";"14,5";"6946";
"07/07/2014";"14,6";"14,97";"14,97";"14,6";"1916";
"08/07/2014";"14,82";"14,61";"14,94";"14,53";"3113";
"09/07/2014";"14,46";"14,94";"14,94";"14,46";"3067";
"10/07/2014";"14,25";"14,46";"14,49";"13,91";"8965";
"11/07/2014";"14";"14,2";"14,37";"13,9";"4081";
"14/07/2014";"14,37";"14,38";"14,74";"14,04";"999";
"15/07/2014";"14,5";"14,4";"14,53";"14,05";"1005";
"16/07/2014";"14,64";"14,28";"14,67";"13,82";"5335";
"17/07/2014";"13,9";"14,07";"14,31";"13,9";"4199";
"18/07/2014";"13,85";"13,91";"14,15";"13,85";"10409";
"21/07/2014";"14,12";"13,8";"14,2";"13,57";"6598";
"22/07/2014";"13,44";"14,15";"14,3";"13,4";"9578";
"23/07/2014";"13,76";"13,5";"13,84";"13,37";"5283";
"24/07/2014";"13,43";"13,7";"13,78";"13,42";"1215";
"25/07/2014";"13,5";"13,75";"13,76";"13,45";"818";
"28/07/2014";"13,7";"13,56";"13,75";"13,55";"407";
"29/07/2014";"13,72";"13,7";"13,79";"13,45";"2689";
"30/07/2014";"13,79";"13,73";"13,79";"13,73";"679";
"31/07/2014";"13,92";"13,79";"13,92";"13,22";"8438";
"01/08/2014";"13,7";"13,92";"14,09";"13,3";"3109";
"04/08/2014";"13,5";"13,4";"13,66";"13,4";"901";
"05/08/2014";"13,31";"13,5";"13,5";"13,31";"1271";
"06/08/2014";"13,2";"13,31";"13,31";"13,05";"3820";
"07/08/2014";"12,45";"13,03";"13,04";"12,3";"6084";
"08/08/2014";"12,15";"12,4";"12,79";"12,15";"3538";
"11/08/2014";"12,25";"12,06";"12,29";"12,02";"1962";
"12/08/2014";"12,6";"12,24";"12,61";"12,16";"1758";
"13/08/2014";"13,1";"12,85";"13,19";"12,65";"1529";
"14/08/2014";"13,3";"13,3";"13,3";"13,11";"1809";
"15/08/2014";"13";"13,3";"13,3";"12,99";"1292";
"18/08/2014";"13";"13";"13,3";"12,61";"1467";
"19/08/2014";"13,1";"13,11";"13,45";"12,99";"2480";
"20/08/2014";"13";"13,11";"13,45";"13";"2103";
"21/08/2014";"12,95";"12,99";"13,5";"12,93";"7594";
"22/08/2014";"13";"13";"13,5";"13";"1524";
"25/08/2014";"13,01";"13,01";"13,06";"12,7";"3403";
"26/08/2014";"13,24";"13,4";"13,4";"12,88";"4761";
"27/08/2014";"13,1";"13,24";"13,27";"12,9";"2121";
"28/08/2014";"13,13";"13,11";"13,19";"12,8";"2351";
"29/08/2014";"13,21";"13,13";"13,4";"12,9";"5610";
"01/09/2014";"12,8";"13,21";"13,21";"12,6";"6126";
"02/09/2014";"12,09";"12,7";"12,98";"12,07";"24320";
"03/09/2014";"11,6";"12,15";"12,15";"11,05";"25639";
"04/09/2014";"11,44";"11,25";"11,56";"11,19";"9122";
"05/09/2014";"12,1";"11,59";"12,3";"11,5";"13574";
"08/09/2014";"11,98";"12,15";"12,15";"11,86";"2472";
"09/09/2014";"11,9";"11,97";"11,98";"11,81";"2266";
"10/09/2014";"11,21";"11,89";"11,89";"11,11";"15745";
"11/09/2014";"11,4";"11,3";"11,78";"11,22";"4283";
"12/09/2014";"11,45";"11,7";"11,7";"11,33";"3438";
"15/09/2014";"11,35";"11,46";"11,54";"11,25";"3860";
"16/09/2014";"11,4";"11,35";"11,5";"11,2";"5308";
"17/09/2014";"11,29";"11,5";"11,5";"11,16";"5560";
"18/09/2014";"11,68";"11,2";"11,68";"11,17";"12392";
"19/09/2014";"11,4";"11,55";"11,7";"11,3";"1184";
"22/09/2014";"11,3";"11,45";"11,45";"11,2";"3852";
"23/09/2014";"11,45";"11,3";"11,45";"11,2";"4540";
"24/09/2014";"11,72";"11,45";"11,8";"11,35";"9978";
"25/09/2014";"12";"11,82";"12,2";"11,57";"9937";
"26/09/2014";"12,06";"12,06";"12,06";"11,9";"3467";
"29/09/2014";"12,96";"12,06";"13,09";"12";"83500";
"30/09/2014";"13,7";"13,09";"13,85";"12,84";"39779";
"01/10/2014";"13,47";"13,79";"13,79";"12,7";"21914";
"02/10/2014";"12,8";"13,43";"13,43";"12,2";"7270";
"03/10/2014";"12,7";"12,82";"12,89";"12,54";"4290";
"06/10/2014";"12,52";"12,8";"12,97";"12,52";"9917";
"07/10/2014";"12,39";"12,95";"12,95";"12,1";"4881";
"08/10/2014";"12";"12,05";"12,31";"11,9";"2994";
"09/10/2014";"12,49";"12,3";"12,6";"11,91";"5591";
"10/10/2014";"12,13";"12,46";"12,46";"11,75";"10401";
"13/10/2014";"11,41";"11,36";"11,85";"11,11";"12766";
"14/10/2014";"11,62";"11,55";"11,75";"11,4";"4271";
"15/10/2014";"11,44";"11,62";"11,78";"11,3";"4790";
"16/10/2014";"11";"11,3";"11,6";"10,48";"37705";
"17/10/2014";"11,2";"11,1";"11,2";"10,94";"8833";
"20/10/2014";"11,38";"11,15";"11,65";"11,15";"15168";
"21/10/2014";"11,6";"11,38";"11,87";"11,08";"7794";
"22/10/2014";"12,25";"11,78";"12,35";"11,75";"6499";
"23/10/2014";"12,18";"12,25";"12,67";"11,68";"4392";
"24/10/2014";"12,8";"12,66";"12,8";"12,29";"7894";
"27/10/2014";"12,7";"12,5";"12,89";"12,5";"1940";
"28/10/2014";"12,66";"12,68";"12,85";"12,61";"3289";
"29/10/2014";"12,8";"12,7";"12,85";"12,52";"10688";
"30/10/2014";"12,7";"12,79";"12,79";"12,45";"3487";
"31/10/2014";"12,95";"12,64";"12,95";"11,8";"10709";
"03/11/2014";"12,79";"12,75";"12,8";"12,53";"791";
"04/11/2014";"12,39";"12,69";"12,69";"12,06";"6849";
"05/11/2014";"12,44";"12,41";"12,49";"11,9";"5824";
"06/11/2014";"12,18";"12,29";"12,29";"11,68";"5748";
"07/11/2014";"11,93";"12";"12,15";"11,72";"2403";
"10/11/2014";"12,14";"12,2";"12,2";"11,88";"621";
"11/11/2014";"12";"12,25";"12,25";"11,75";"2897";
"12/11/2014";"11,94";"11,78";"12,04";"11,76";"1617";
"13/11/2014";"11";"12,1";"12,1";"11";"13987";
"14/11/2014";"11,07";"11,05";"11,39";"10,96";"18132";
"17/11/2014";"11,15";"11,25";"11,6";"10,9";"7030";
"18/11/2014";"11,32";"10,92";"11,4";"10,92";"4759";
"19/11/2014";"11,15";"11,32";"11,38";"10,91";"2321";
"20/11/2014";"11,04";"11,25";"11,4";"10,9";"3896";
"21/11/2014";"11,14";"10,92";"11,2";"10,92";"3294";
"24/11/2014";"11,29";"11,25";"12";"11,15";"14404";
"25/11/2014";"11,39";"11,25";"11,52";"11,08";"5299";
"26/11/2014";"11,28";"11,29";"11,37";"11,1";"1696";
"27/11/2014";"11,23";"11,28";"11,49";"11,21";"1769";
"28/11/2014";"11,6";"11,38";"11,6";"11,2";"4606";
"01/12/2014";"11,67";"11,68";"11,97";"11,33";"6714";
"02/12/2014";"11";"11,6";"11,6";"11";"13529";
"03/12/2014";"10,92";"11,2";"11,2";"10,8";"5800";
"04/12/2014";"11,25";"10,92";"11,25";"10,87";"32185";
"05/12/2014";"11,23";"11,24";"11,48";"11,14";"3691";
"08/12/2014";"11";"11,23";"11,35";"11";"8484";
"09/12/2014";"10,7";"11,3";"11,3";"10,7";"14505";
"10/12/2014";"10,73";"10,55";"11,2";"10,55";"6054";
"11/12/2014";"10,75";"10,73";"10,8";"10,66";"13003";
"12/12/2014";"10,68";"10,7";"10,71";"10,68";"3445";
"15/12/2014";"10,5";"10,65";"10,68";"10,5";"3611";
"16/12/2014";"10,25";"10,5";"10,58";"10,1";"3618";
"17/12/2014";"10,01";"10,24";"10,24";"9,8";"3406";
"18/12/2014";"10,25";"10,1";"10,5";"10,1";"4025";
"19/12/2014";"10,54";"10,3";"10,61";"10,3";"3482";
"22/12/2014";"10,58";"10,69";"11";"10,58";"5882";
"23/12/2014";"10,57";"10,61";"10,99";"10,57";"3140";
"24/12/2014";"10,57";"10,6";"10,8";"10,57";"1225";
"29/12/2014";"10,9";"10,57";"11,17";"10,57";"11085";
"30/12/2014";"11,4";"11,2";"11,7";"11,2";"9750";
"31/12/2014";"11,37";"11,36";"11,8";"11,23";"3073";
"02/01/2015";"11,96";"11,69";"12,28";"11,38";"11260";
"05/01/2015";"11,98";"11,97";"12,29";"11,31";"5624";
"06/01/2015";"11,99";"11,97";"12,15";"11,7";"8627";
"07/01/2015";"12,56";"12,62";"13,3";"12,48";"34191";
"08/01/2015";"12,71";"12,7";"12,85";"12,41";"9510";
"09/01/2015";"13,75";"12,72";"13,99";"12,52";"30340";
"12/01/2015";"14,2";"14";"14,4";"13,4";"24869";
"13/01/2015";"13,98";"14";"14,01";"13,37";"10929";
"14/01/2015";"13,7";"13,98";"14";"13,5";"13580";
"15/01/2015";"14,2";"13,7";"14,2";"13,5";"14720";
"16/01/2015";"13,69";"14,16";"14,16";"12,61";"26011";
"19/01/2015";"13,38";"13,67";"13,67";"13,01";"4178";
"20/01/2015";"13,01";"13,39";"13,39";"12,61";"9258";
"21/01/2015";"12,9";"13,01";"13,15";"12,72";"2500";
"22/01/2015";"12,98";"13";"13";"12,8";"1834";
"23/01/2015";"12,7";"13";"13";"12,61";"4518";
"26/01/2015";"12,67";"12,65";"12,7";"12,5";"4986";
"27/01/2015";"12,55";"12,68";"12,68";"12,31";"4886";
"28/01/2015";"12,3";"12,54";"12,54";"12,3";"1606";
"29/01/2015";"12,45";"12,3";"12,65";"12,15";"8089";
"30/01/2015";"12,3";"12,31";"12,63";"12,12";"9150";
"02/02/2015";"12,63";"12,5";"12,65";"12,05";"7109";
"03/02/2015";"12,63";"12,41";"12,63";"12,41";"1708";
"04/02/2015";"12,53";"12,63";"12,63";"12,3";"2752";
"05/02/2015";"12,38";"12,53";"12,53";"12,01";"3778";
"06/02/2015";"12,5";"12,4";"12,5";"12,38";"1590";
"09/02/2015";"12,47";"12,5";"12,5";"12,24";"2312";
"10/02/2015";"12,5";"12,49";"12,5";"12,32";"2627";
"11/02/2015";"12,54";"12,5";"12,55";"12,3";"5270";
"12/02/2015";"12,55";"12,4";"12,55";"12,4";"5849";
"13/02/2015";"12,8";"12,54";"12,8";"12,51";"9189";
"16/02/2015";"13,18";"13";"13,29";"13";"7475";
"17/02/2015";"14,94";"14,01";"15,4";"13,8";"79409";
"18/02/2015";"14,84";"14,6";"14,94";"14,19";"16279";
"19/02/2015";"14,67";"14,79";"14,79";"14";"15644";
"20/02/2015";"14,2";"14,58";"14,67";"14,2";"10277";
"23/02/2015";"14,85";"14,75";"15,28";"14,7";"22131";
"24/02/2015";"15,79";"15,05";"16,55";"15,02";"36565";
"25/02/2015";"15,37";"15,8";"15,8";"15,01";"15185";
"26/02/2015";"15,6";"15,4";"16,15";"15,07";"17706";
"27/02/2015";"15,86";"15,8";"16,2";"15,8";"12788";
"02/03/2015";"15,7";"16,1";"16,19";"15,7";"9892";
"03/03/2015";"15,49";"15,69";"15,69";"15,31";"24945";
"04/03/2015";"15";"15,48";"15,48";"14,29";"18356";
"05/03/2015";"14,8";"14,6";"14,93";"14,6";"8271";
"06/03/2015";"14,78";"14,8";"15,2";"14,75";"6788";
"09/03/2015";"14,86";"14,78";"15,28";"14,75";"4458";
"10/03/2015";"14,85";"14,81";"15,2";"14,8";"2110";
"11/03/2015";"14,65";"14,86";"14,9";"14,45";"9698";
"12/03/2015";"14,59";"14,6";"14,61";"14,32";"2846";
"13/03/2015";"14,59";"14,35";"14,7";"14,12";"8424";
"16/03/2015";"14,36";"14,23";"14,61";"14,23";"4026";
"17/03/2015";"14,42";"14,4";"14,58";"14,3";"3285";
"18/03/2015";"14,5";"14,43";"14,7";"14,38";"6869";
"19/03/2015";"14,35";"14,68";"14,68";"14,12";"2075";
"20/03/2015";"14,21";"14,12";"14,47";"14,12";"8502";
"23/03/2015";"15,31";"15,2";"15,61";"15";"28338";
"24/03/2015";"15,48";"15,48";"15,5";"15,13";"11952";
"25/03/2015";"15,41";"15,4";"15,45";"15,3";"10172";
"26/03/2015";"14,95";"15,22";"15,41";"14,74";"11225";
"27/03/2015";"14,8";"15";"15,1";"14,45";"9783";
"30/03/2015";"14,99";"15";"15,2";"14,85";"3777";
"31/03/2015";"15,17";"15,2";"15,2";"15,02";"2168";
"01/04/2015";"15,1";"14,85";"15,2";"14,85";"5832";
"02/04/2015";"15,35";"15";"15,35";"14,95";"5061";
"07/04/2015";"15,47";"15,48";"15,51";"15,2";"3204";
"08/04/2015";"15,45";"15,48";"15,55";"15,26";"1881";
"09/04/2015";"15,86";"15,48";"16,1";"15,32";"13967";
"10/04/2015";"15,57";"16,07";"16,07";"15,1";"8400";
"13/04/2015";"15,44";"15,45";"15,5";"15,26";"2089";
"14/04/2015";"15,29";"15,55";"15,55";"15";"4184";
"15/04/2015";"15,23";"15,44";"15,44";"15,15";"2836";
"16/04/2015";"15,6";"15,43";"15,6";"14,85";"5880";
"17/04/2015";"15,3";"15,59";"15,59";"15,06";"875";
"20/04/2015";"15";"15,29";"15,29";"14,6";"6913";
"21/04/2015";"14,8";"15,08";"15,1";"14,7";"4310";
"22/04/2015";"14,75";"14,79";"14,9";"14,72";"757";
"23/04/2015";"14,98";"15";"15";"14,7";"993";
"24/04/2015";"14,75";"14,95";"14,95";"14,51";"4428";
"27/04/2015";"14,69";"14,5";"14,7";"14,5";"2164";
"28/04/2015";"14,3";"14,5";"14,7";"14,21";"7872";
"29/04/2015";"14,58";"14,42";"14,58";"14,35";"1055";
"30/04/2015";"14,6";"14,6";"14,6";"14,31";"1497";
"04/05/2015";"14,61";"14,55";"14,79";"14,5";"1749";
"05/05/2015";"14,63";"14,6";"14,64";"14,51";"599";
"06/05/2015";"14,5";"14,41";"14,59";"14,4";"1988";
"07/05/2015";"14,47";"14,31";"14,49";"14,2";"1711";
"08/05/2015";"14,35";"14,21";"14,35";"14,2";"2212";
"11/05/2015";"14,2";"14,36";"14,39";"14,2";"1457";
"12/05/2015";"14";"14,21";"14,35";"13,9";"4929";
"13/05/2015";"13,91";"14,01";"14,48";"13,91";"1063";
"14/05/2015";"13,99";"13,91";"14,18";"13,91";"509";
"15/05/2015";"14,19";"13,98";"14,19";"13,94";"1444";
"18/05/2015";"14,19";"14,19";"14,19";"14,02";"1007";
"19/05/2015";"14,18";"14,18";"14,19";"14,01";"1762";
"20/05/2015";"13,9";"14,19";"14,19";"13,86";"4022";
"21/05/2015";"13,91";"13,7";"14,09";"13,61";"3203";
"22/05/2015";"14,02";"13,85";"14,04";"13,85";"3109";
"25/05/2015";"14,01";"14";"14,02";"13,89";"2964";
"26/05/2015";"14";"13,99";"14,09";"13,99";"1321";
"27/05/2015";"13,9";"14,01";"14,1";"13,9";"1715";
"28/05/2015";"13,96";"13,9";"14";"13,9";"736";
"29/05/2015";"13,98";"14,01";"14,1";"13,7";"2886";
"01/06/2015";"13,98";"13,72";"14";"13,72";"1093";
"02/06/2015";"13,9";"14";"14";"13,81";"1359";
"03/06/2015";"13,98";"13,98";"13,98";"13,97";"761";
"04/06/2015";"13,9";"13,98";"13,98";"13,81";"845";
"05/06/2015";"13,71";"13,9";"13,9";"13,71";"923";
"08/06/2015";"13,75";"13,9";"13,97";"13,73";"1742";
"09/06/2015";"14,2";"14,1";"14,56";"14,1";"9124";
"10/06/2015";"13,98";"14,19";"14,19";"13,5";"5034";
"11/06/2015";"13,77";"13,94";"13,95";"13,77";"84";
"12/06/2015";"13,77";"13,8";"13,9";"13,6";"2643";
"15/06/2015";"13,35";"13,5";"13,6";"12,9";"6226";
"16/06/2015";"13,01";"12,91";"13,25";"12,75";"12166";
"17/06/2015";"13";"12,9";"13";"12,85";"1113";
"18/06/2015";"12,86";"13,1";"13,1";"12,82";"2941";
"19/06/2015";"14,05";"13,1";"14,27";"13,09";"17877";
"22/06/2015";"13,76";"14,3";"14,47";"13,66";"15108";
"23/06/2015";"13,75";"13,81";"13,81";"13,61";"7256";
"24/06/2015";"14,94";"13,98";"15,33";"13,54";"27882";
"25/06/2015";"14,9";"14,76";"15,2";"14,76";"11442";
"26/06/2015";"14,8";"14,94";"14,94";"14,51";"2127";
"29/06/2015";"13,9";"13";"14,13";"12,9";"10603";
"30/06/2015";"13,95";"13,9";"14,49";"13,54";"4434";
"01/07/2015";"14,51";"14,2";"14,9";"14";"11391";
"02/07/2015";"14,49";"14,89";"14,89";"14,33";"3184";
"03/07/2015";"14,25";"14,4";"14,6";"13,77";"5144";
"06/07/2015";"13,75";"13,7";"13,8";"13,5";"6559";
"07/07/2015";"13,49";"13,76";"14,11";"13,06";"3026";
"08/07/2015";"13,35";"13,25";"13,4";"13,15";"10546";
"09/07/2015";"13,5";"13,31";"13,87";"13,31";"1068";
"10/07/2015";"13,75";"13,8";"13,8";"13,6";"427";
"13/07/2015";"13,9";"13,79";"13,9";"13,75";"4372";
"14/07/2015";"13,8";"13,9";"13,9";"13,61";"3456";
"15/07/2015";"13,89";"13,95";"13,95";"13,65";"2138";
"16/07/2015";"14";"13,85";"14";"13,85";"2686";
"17/07/2015";"14,2";"14";"14,2";"13,96";"3614";
"20/07/2015";"15,05";"14,25";"15,15";"14,25";"14056";
"21/07/2015";"15,15";"15,14";"15,17";"14,81";"10004";
"22/07/2015";"15";"15,15";"15,15";"15";"4570";
"23/07/2015";"14,99";"15,1";"15,1";"14,8";"3029";
"24/07/2015";"14,94";"14,95";"14,95";"14,81";"1653";
"27/07/2015";"14,58";"14,9";"14,9";"14,1";"6704";
"28/07/2015";"14,58";"14,58";"14,58";"14,41";"762";
"29/07/2015";"14,25";"14,58";"14,58";"14,06";"6254";
"30/07/2015";"14,26";"14,31";"14,31";"13,9";"1780";
"31/07/2015";"14";"14";"14,19";"13,6";"8631";
"03/08/2015";"14";"14";"14,09";"13,7";"7464";
"04/08/2015";"14";"14,1";"14,19";"13,96";"2088";
"05/08/2015";"13,85";"14,15";"14,15";"13,8";"4116";
"06/08/2015";"13,95";"13,8";"14,09";"13,8";"5527";
"07/08/2015";"13,89";"13,65";"13,99";"13,65";"9113";
"10/08/2015";"13,78";"14,1";"14,1";"13,7";"2572";
"11/08/2015";"13,78";"13,78";"13,79";"13,6";"3712";
"12/08/2015";"13,7";"13,8";"13,8";"13,42";"950";
"13/08/2015";"13,74";"13,69";"13,74";"13,5";"1419";
"14/08/2015";"13,72";"13,73";"13,73";"13,7";"499";
"17/08/2015";"13,57";"13,7";"13,79";"13,53";"1295";
"18/08/2015";"13,59";"13,6";"13,64";"13,51";"586";
"19/08/2015";"13,5";"13,59";"13,76";"13,5";"1520";
"20/08/2015";"13,4";"13,5";"13,5";"13,4";"1625";
"21/08/2015";"13,17";"13,16";"13,2";"13";"2776";
"24/08/2015";"12";"13";"13,01";"11,78";"7394";
"25/08/2015";"12,2";"11,9";"12,55";"11,86";"3527";
"26/08/2015";"12,39";"12,2";"12,39";"12,15";"1419";
"27/08/2015";"12,42";"12,15";"12,49";"12,15";"6703";
"28/08/2015";"12,54";"12,42";"12,54";"12,41";"399";
"31/08/2015";"12,55";"12,56";"12,56";"12,3";"2132";
"01/09/2015";"12,35";"12,55";"12,55";"12,2";"2221";
"02/09/2015";"12,4";"12,35";"12,48";"12,2";"396";
"03/09/2015";"12,38";"12,39";"12,39";"12,2";"545";
"04/09/2015";"12,46";"12,56";"12,56";"11,88";"1757";
"07/09/2015";"12,1";"12,29";"12,29";"11,85";"3082";
"08/09/2015";"11,97";"12,1";"12,28";"11,91";"1404";
"09/09/2015";"11,99";"11,97";"12,01";"11,85";"1681";
"10/09/2015";"11,92";"11,99";"11,99";"11,85";"1524";
"11/09/2015";"11,8";"11,92";"11,92";"11,4";"2072";
"14/09/2015";"11,59";"11,4";"11,8";"11";"2934";
"15/09/2015";"11,59";"11,59";"11,59";"11,3";"723";
"16/09/2015";"11,55";"11";"11,6";"11";"4268";
"17/09/2015";"11,5";"11,6";"11,78";"11,34";"9286";
"18/09/2015";"11,13";"11,35";"11,36";"11,11";"1520";
"21/09/2015";"11,11";"11,13";"11,35";"11,1";"2596";
"22/09/2015";"11,14";"11,11";"11,19";"10,95";"4059";
"23/09/2015";"11,19";"11,15";"11,2";"11";"1942";
"24/09/2015";"10,92";"11,19";"11,29";"10,91";"1009";
"25/09/2015";"10,83";"11,01";"11,19";"10,72";"5365";
"28/09/2015";"10";"10,7";"10,83";"9,81";"6190";
"29/09/2015";"10,15";"9,9";"10,2";"9,85";"5960";
"30/09/2015";"10,02";"10,15";"10,46";"10";"960";
"01/10/2015";"9,93";"10,02";"10,46";"9,9";"1966";
"02/10/2015";"10,1";"9,91";"10,2";"9,91";"1017";
"05/10/2015";"10,17";"10,1";"10,19";"10";"1608";
"06/10/2015";"10,33";"10,79";"10,79";"10,21";"1808";
"07/10/2015";"10";"10,33";"10,33";"9,9";"3503";
"08/10/2015";"10";"9,99";"10";"9,94";"1063";
"09/10/2015";"10";"9,99";"10,05";"9,91";"11487";
"12/10/2015";"10";"9,9";"10";"9,9";"3562";
"13/10/2015";"9,9";"9,99";"9,99";"9,84";"1455";
"14/10/2015";"10";"9,92";"10";"9,86";"7884";
"15/10/2015";"9,9";"10,01";"10,05";"9,9";"3660";
"16/10/2015";"9,93";"9,91";"10,04";"9,91";"5120";
"19/10/2015";"9,99";"9,89";"10";"9,88";"3166";
"20/10/2015";"9,98";"9,9";"9,98";"9,82";"2169";
"21/10/2015";"10";"9,98";"10";"9,95";"901";
"22/10/2015";"9,91";"10";"10";"9,83";"2910";
"23/10/2015";"10";"10";"10,06";"9,9";"13777";
"26/10/2015";"9,98";"10";"10";"9,9";"3845";
"27/10/2015";"9,99";"9,98";"10";"9,9";"2604";
"28/10/2015";"9,99";"10";"10";"9,92";"3161";
"29/10/2015";"9,98";"9,99";"10";"9,95";"1086";
"30/10/2015";"10";"10";"10";"9,95";"3430";
"02/11/2015";"9,91";"10";"10";"9,91";"2654";
"03/11/2015";"10";"9,91";"10";"9,85";"3793";
"04/11/2015";"10,08";"9,99";"10,09";"9,95";"9129";
"05/11/2015";"9,94";"10,09";"10,09";"9,85";"6047";
"06/11/2015";"10";"10";"10";"9,87";"2494";
"09/11/2015";"9,98";"10,08";"10,08";"9,95";"5938";
"10/11/2015";"10";"9,97";"10";"9,85";"1996";
"11/11/2015";"9,9";"9,97";"9,98";"9,86";"1748";
"12/11/2015";"9,99";"9,93";"10";"9,81";"5855";
"13/11/2015";"9,99";"9,98";"9,99";"9,86";"3000";
"16/11/2015";"10";"9,9";"10";"9,86";"3250";
"17/11/2015";"9,91";"9,99";"9,99";"9,86";"2049";
"18/11/2015";"9,99";"9,96";"9,99";"9,95";"2501";
"19/11/2015";"10";"9,98";"10";"9,96";"8080";
"20/11/2015";"9,98";"9,99";"10";"9,8";"8205";
"23/11/2015";"9,92";"10";"10";"9,85";"4794";
"24/11/2015";"9,9";"9,92";"9,92";"9,85";"1389";
"25/11/2015";"9,98";"9,82";"10";"9,8";"7540";
"26/11/2015";"9,98";"9,98";"9,98";"9,88";"1597";
"27/11/2015";"9,91";"9,98";"9,98";"9,86";"16723";
"30/11/2015";"9,84";"9,98";"9,98";"9,84";"4372";
"01/12/2015";"9,85";"9,85";"9,94";"9,8";"3529";
"02/12/2015";"9,6";"9,8";"9,8";"9,21";"8289";
"03/12/2015";"9,56";"9,6";"9,66";"9,29";"11472";
"04/12/2015";"9,5";"9,59";"9,6";"9,4";"6473";
"07/12/2015";"9,49";"9,65";"9,65";"9,35";"1117";
"08/12/2015";"9,35";"9,4";"9,4";"9,23";"2859";
"09/12/2015";"9,34";"9,25";"9,48";"9,22";"1136";
"10/12/2015";"9,38";"9,21";"9,38";"9,2";"900";
"11/12/2015";"9,32";"9,38";"9,38";"8,95";"3147";
"14/12/2015";"9,1";"9,35";"9,35";"8,91";"3909";
"15/12/2015";"9,1";"8,9";"9,2";"8,85";"1716";
"16/12/2015";"9,06";"9,01";"9,12";"9,01";"1318";
"17/12/2015";"9,05";"9,06";"9,2";"9";"2687";
"18/12/2015";"9,11";"9";"9,15";"8,9";"16824";
"21/12/2015";"9,15";"9,1";"9,15";"9,1";"10168";
"22/12/2015";"8,98";"9,1";"9,1";"8,85";"2587";
"23/12/2015";"8,93";"8,95";"9,1";"8,2";"12226";
"24/12/2015";"8,8";"8,9";"9,08";"8,8";"958";
"28/12/2015";"8,94";"9,1";"9,1";"8,6";"19281";
"29/12/2015";"8,75";"8,94";"8,94";"8,7";"3745";
"30/12/2015";"8,78";"8,77";"8,92";"8,5";"2789";
"31/12/2015";"8,79";"8,78";"8,8";"8,35";"2011";
"04/01/2016";"8,62";"9,09";"9,09";"8,6";"1032";
"05/01/2016";"8,5";"8,59";"8,59";"8,3";"3217";
"06/01/2016";"8,77";"8,5";"9,1";"8,33";"2138";
"07/01/2016";"8,63";"8,77";"8,78";"8,4";"2194";
"08/01/2016";"8,61";"8,63";"8,63";"8,6";"973";
"11/01/2016";"8,5";"8,59";"8,64";"8,33";"1915";
"12/01/2016";"8,4";"8,3";"8,57";"8,3";"2116";
"13/01/2016";"8,37";"8,4";"8,4";"8,3";"1369";
"14/01/2016";"8,15";"8,34";"8,34";"7,7";"3908";
"15/01/2016";"8,18";"8";"8,3";"7,4";"5271";
"18/01/2016";"7,6";"8,2";"8,2";"7,4";"6903";
"19/01/2016";"7,39";"7,43";"7,63";"6,82";"5142";
"20/01/2016";"7,1";"7,19";"7,29";"6,7";"5736";
"21/01/2016";"6,74";"7,1";"7,1";"6,72";"3318";
"22/01/2016";"6,82";"6,79";"6,9";"6,7";"3122";
"25/01/2016";"6,55";"7";"7";"6,45";"12633";
"26/01/2016";"6,55";"6,55";"6,65";"6,5";"3894";
"27/01/2016";"7,05";"6,55";"7,07";"6,55";"6010";
"28/01/2016";"6,91";"7";"7,04";"6,9";"3469";
"29/01/2016";"7,04";"6,91";"7,05";"6,91";"4578";
"01/02/2016";"6,97";"6,99";"6,99";"6,8";"3011";
"02/02/2016";"6,89";"6,34";"6,89";"6,25";"31840";
"03/02/2016";"6,68";"6,78";"6,78";"6,46";"1795";
"04/02/2016";"6,98";"6,7";"6,98";"6,55";"5347";
"05/02/2016";"6,95";"6,8";"6,95";"6,6";"2017";
"08/02/2016";"6,8";"6,8";"6,8";"6,5";"1887";
"09/02/2016";"6,74";"6,8";"6,8";"6,39";"1909";
"10/02/2016";"6,59";"6,6";"6,8";"6,4";"1494";
"11/02/2016";"6,26";"6,59";"6,59";"6,26";"5396";
"12/02/2016";"6,49";"6,27";"6,49";"6,24";"4170";
"15/02/2016";"6,28";"6,21";"6,48";"6,2";"4166";
"16/02/2016";"6,28";"6,29";"6,34";"6,2";"4476";
"17/02/2016";"6,35";"6,28";"6,37";"6,19";"9367";
"18/02/2016";"6,31";"6,46";"6,46";"6,31";"5448";
"19/02/2016";"6,25";"6,2";"6,34";"6,2";"2471";
"22/02/2016";"6,26";"6,25";"6,4";"6,25";"3237";
"23/02/2016";"6,45";"6,3";"6,45";"6,3";"915";
"24/02/2016";"6,3";"6,45";"6,45";"6,3";"2284";
"25/02/2016";"6,43";"6,3";"6,45";"6,3";"2426";
"26/02/2016";"6,9";"6,43";"6,9";"6,43";"6538";
"29/02/2016";"6,7";"6,88";"6,88";"6,25";"6370";
"01/03/2016";"6,55";"6,65";"6,65";"6,49";"1882";
"02/03/2016";"6,65";"6,56";"6,67";"6,55";"5294";
"03/03/2016";"6,6";"6,6";"6,62";"6,52";"5695";
"04/03/2016";"6,53";"6,6";"6,63";"6,53";"4069";
"07/03/2016";"6,84";"6,54";"6,89";"6,51";"7223";
"08/03/2016";"6,79";"6,79";"6,88";"6,75";"1044";
"09/03/2016";"7,08";"6,8";"7,14";"6,8";"10600";
"10/03/2016";"6,93";"7,09";"7,12";"6,9";"9297";
"11/03/2016";"7,26";"6,94";"7,49";"6,93";"16022";
"14/03/2016";"7,32";"7,39";"7,49";"7,26";"2580";
"15/03/2016";"7,25";"7,41";"7,41";"7,21";"552";
"16/03/2016";"7,35";"7,31";"7,35";"7,2";"2033";
"17/03/2016";"7,43";"7,35";"7,48";"7,35";"318";
"18/03/2016";"7,63";"7,46";"7,93";"7,45";"12645";
"21/03/2016";"8";"7,63";"8,13";"7,6";"8348";
"22/03/2016";"7,72";"7,9";"7,97";"7,68";"4823";
"23/03/2016";"8,55";"7,9";"8,57";"7,89";"17936";
"24/03/2016";"8,7";"8,6";"8,84";"8,4";"10040";
"29/03/2016";"8,73";"8,7";"9";"8,61";"7957";
"30/03/2016";"8,73";"8,73";"8,9";"8,5";"6131";
"31/03/2016";"8,5";"8,69";"8,69";"8,45";"2114";
"01/04/2016";"8,5";"8,8";"8,8";"8,49";"2089";
"04/04/2016";"8,3";"8,5";"8,5";"8,19";"1867";
"05/04/2016";"7,99";"8,3";"8,3";"7,85";"4712";
"06/04/2016";"7,99";"7,99";"7,99";"7,88";"639";
"07/04/2016";"7,95";"7,98";"8,1";"7,95";"3550";
"08/04/2016";"7,97";"7,96";"8,09";"7,96";"609";
"11/04/2016";"7,8";"8,01";"8,01";"7,8";"1756";
"12/04/2016";"7,75";"7,85";"7,85";"7,73";"2065";
"13/04/2016";"7,8";"7,75";"7,8";"7,6";"7521";
"14/04/2016";"8,1";"7,8";"8,1";"7,8";"3617";
"15/04/2016";"8,32";"8,09";"8,67";"8,08";"6078";
"18/04/2016";"8,44";"8,3";"8,5";"8,3";"1633";
"19/04/2016";"8,55";"8,51";"8,55";"8,49";"1307";
"20/04/2016";"8,67";"8,55";"8,67";"8,47";"1036";
"21/04/2016";"8,64";"8,67";"8,67";"8,5";"1351";
"22/04/2016";"8,4";"8,65";"8,65";"8,4";"1804";
"25/04/2016";"8,32";"8,5";"8,5";"8,31";"605";
"26/04/2016";"8,33";"8,33";"8,53";"8,33";"314";
"27/04/2016";"8,34";"8,33";"8,34";"8,33";"29";
"28/04/2016";"8,33";"8,34";"8,34";"8,33";"200";
"29/04/2016";"8,3";"8,36";"8,39";"8,3";"1890";
"02/05/2016";"8,4";"8,5";"8,5";"8,1";"660";
"03/05/2016";"8,33";"8,39";"8,39";"8,2";"811";
"04/05/2016";"8,19";"8,33";"8,35";"8,15";"612";
"05/05/2016";"8,18";"8,18";"8,18";"8,18";"1";
"06/05/2016";"8";"8,18";"8,18";"8";"759";
"09/05/2016";"8,09";"8,19";"8,19";"7,96";"556";
"10/05/2016";"7,9";"8,09";"8,09";"7,8";"1908";
"11/05/2016";"7,76";"7,9";"8";"7,6";"2557";
"12/05/2016";"7,78";"7,76";"7,85";"7,76";"701";
"13/05/2016";"7,4";"7,85";"7,85";"7,31";"1357";
"16/05/2016";"7,49";"7,4";"7,49";"7,31";"727";
"17/05/2016";"7,35";"7,45";"7,51";"7,3";"1716";
"18/05/2016";"7,3";"7,35";"7,35";"7,3";"241";
"19/05/2016";"6,95";"7,31";"7,34";"6,87";"2414";
"20/05/2016";"7";"6,98";"7,09";"6,98";"164";
"23/05/2016";"7";"7,1";"7,14";"7";"1563";
"24/05/2016";"7";"7";"7,05";"7";"699";
"25/05/2016";"7,02";"7";"7,19";"6,94";"715";
"26/05/2016";"7,03";"7,02";"7,03";"7";"1101";
"27/05/2016";"7,17";"7,2";"7,2";"7,01";"597";
"30/05/2016";"7";"7,2";"7,2";"7";"1274";
"31/05/2016";"7";"7,01";"7,01";"6,85";"2628";
"01/06/2016";"6,84";"6,85";"6,85";"6,7";"7335";
"02/06/2016";"6,65";"6,83";"6,85";"6,62";"3218";
"03/06/2016";"6,61";"6,66";"6,7";"6,51";"4944";
"06/06/2016";"6,59";"6,65";"6,65";"6,5";"750";
"07/06/2016";"6,6";"6,59";"6,6";"6,59";"394";
"08/06/2016";"6,71";"6,6";"6,8";"6,6";"1802";
"09/06/2016";"6,73";"6,71";"6,84";"6,62";"1612";
"10/06/2016";"6,5";"6,73";"6,73";"6,47";"2670";
"13/06/2016";"6,42";"6,54";"6,7";"6,41";"1671";
"14/06/2016";"6,41";"6,45";"6,6";"6,4";"2666";
"15/06/2016";"6,44";"6,42";"6,5";"6,4";"6456";
"16/06/2016";"6,49";"6,44";"6,49";"6,35";"7400";
"17/06/2016";"6,52";"6,49";"6,58";"6,4";"576";
"20/06/2016";"6,59";"6,53";"6,59";"6,41";"1188";
"21/06/2016";"6,5";"6,58";"6,58";"6,45";"1807";
"22/06/2016";"6,5";"6,6";"6,6";"6,41";"2326";
"23/06/2016";"6,46";"6,51";"6,51";"6,46";"691";
"24/06/2016";"6,15";"6,3";"6,39";"5,2";"7957";
"27/06/2016";"6,09";"6,4";"6,4";"5,9";"2808";
"28/06/2016";"6";"6,09";"6,1";"5,9";"6094";
"29/06/2016";"6,05";"5,89";"6,05";"5,82";"7918";
"30/06/2016";"5,99";"5,99";"6,05";"5,65";"3791";
"01/07/2016";"5,83";"5,99";"5,99";"5,72";"6334";
"04/07/2016";"5,74";"5,75";"5,8";"5,6";"6398";
"05/07/2016";"5,6";"5,74";"5,74";"5,5";"4421";
"06/07/2016";"5,45";"5,45";"5,47";"5,32";"8748";
"07/07/2016";"5,3";"5,45";"5,45";"5,3";"5156";
"08/07/2016";"5,27";"5,34";"5,37";"5,13";"4589";
"11/07/2016";"5,25";"5,3";"5,68";"5,22";"14187";
"12/07/2016";"5,22";"5,25";"5,37";"5,22";"4188";
"13/07/2016";"5,32";"5,33";"5,49";"5,22";"6402";
"14/07/2016";"5,11";"5,3";"5,5";"5,11";"5940";
"15/07/2016";"5,2";"5,14";"5,39";"5,14";"5759";
"18/07/2016";"5,2";"5,6";"5,6";"5,12";"3494";
"19/07/2016";"5,05";"5,2";"5,2";"5,01";"9999";
"20/07/2016";"5,03";"5,03";"5,18";"5,03";"5061";
"21/07/2016";"5,1";"5,03";"5,15";"5,03";"3426";
"22/07/2016";"5,05";"5,1";"5,1";"5,04";"4138";
"25/07/2016";"5,03";"5,03";"5,08";"5,03";"2488";
"26/07/2016";"5,08";"5,06";"5,08";"5,02";"1836";
"27/07/2016";"5,1";"5,2";"5,42";"5,08";"7638";
"28/07/2016";"5";"5,05";"5,1";"4,8";"14255";
"29/07/2016";"4,76";"4,99";"4,99";"4,61";"6875";
"01/08/2016";"4,66";"4,75";"4,75";"4,62";"7315";
"02/08/2016";"4,65";"4,67";"4,7";"4,64";"4954";
"03/08/2016";"4,65";"4,64";"4,66";"4,63";"3005";
"04/08/2016";"4,63";"4,63";"4,69";"4,61";"4618";
"05/08/2016";"4,64";"4,65";"4,8";"4,61";"9399";
"08/08/2016";"4,67";"4,74";"4,74";"4,67";"678";
"09/08/2016";"4,59";"4,55";"4,82";"4,44";"23266";
"10/08/2016";"4,55";"4,55";"4,55";"4,46";"5490";
"11/08/2016";"4,3";"4,35";"4,42";"4,3";"15988";
"12/08/2016";"4,29";"4,35";"4,35";"4,25";"7404";
"15/08/2016";"4,3";"4,31";"4,35";"4,3";"1561";
"16/08/2016";"4,44";"4,3";"4,44";"4,3";"7632";
"17/08/2016";"5,18";"4,65";"5,34";"4,59";"70975";
"18/08/2016";"4,91";"5,18";"5,26";"4,79";"19110";
"19/08/2016";"4,69";"4,95";"4,95";"4,5";"16385";
"22/08/2016";"4,75";"4,7";"4,77";"4,63";"3426";
"23/08/2016";"4,74";"4,76";"4,76";"4,6";"5757";
"24/08/2016";"4,88";"4,74";"4,99";"4,67";"9182";
"25/08/2016";"4,77";"4,95";"4,95";"4,71";"12080";
"26/08/2016";"4,74";"4,77";"4,77";"4,65";"6427";
"29/08/2016";"4,75";"4,79";"4,79";"4,7";"3222";
"30/08/2016";"4,74";"4,74";"4,74";"4,67";"3329";
"31/08/2016";"4,73";"4,73";"4,74";"4,7";"1443";
"01/09/2016";"4,67";"4,75";"4,75";"4,65";"3052";
"02/09/2016";"4,87";"4,67";"4,87";"4,64";"5321";
"05/09/2016";"4,85";"4,87";"4,89";"4,85";"2909";
"06/09/2016";"5,18";"4,85";"5,28";"4,8";"7825";
"07/09/2016";"5,04";"5,18";"5,18";"5";"2907";
"08/09/2016";"5,05";"5,04";"5,09";"5";"1235";
"09/09/2016";"5,21";"5,06";"5,3";"5,06";"12034";
"12/09/2016";"5,05";"5,28";"5,3";"4,91";"6111";
"13/09/2016";"5,1";"5,1";"5,11";"5";"2385";
"14/09/2016";"5,07";"5,1";"5,17";"4,97";"4732";
"15/09/2016";"5,04";"5,1";"5,2";"5";"9966";
"16/09/2016";"5,19";"5,15";"5,2";"5";"9856";
"19/09/2016";"5,18";"5,2";"5,2";"5,11";"2690";
"20/09/2016";"5,2";"5,17";"5,28";"5,11";"3217";
"21/09/2016";"5,58";"5,2";"6,09";"5,1";"41055";
"22/09/2016";"6,97";"5,84";"6,98";"5,52";"53570";
"23/09/2016";"7,3";"6,6";"7,8";"6,55";"70694";
"26/09/2016";"7,6";"7,2";"7,65";"6,86";"34352";
"27/09/2016";"7,2";"7,69";"7,69";"7,2";"9822";
"28/09/2016";"6,9";"7,01";"7,15";"6,85";"5796";
"29/09/2016";"6,63";"6,8";"6,8";"6,26";"4598";
"30/09/2016";"6,48";"6,63";"6,63";"6,4";"6685";
"03/10/2016";"6,48";"6,11";"6,5";"6,11";"2509";
"04/10/2016";"6,55";"6,77";"6,77";"6,55";"1219";
"05/10/2016";"6,67";"6,55";"6,76";"6,55";"1494";
"06/10/2016";"6,61";"6,67";"6,67";"6,45";"1661";
"07/10/2016";"6,42";"6,59";"6,59";"6,41";"1709";
"10/10/2016";"6,48";"6,43";"6,48";"6,31";"531";
"11/10/2016";"6,4";"6,48";"6,48";"6,2";"1617";
"12/10/2016";"6,25";"6,3";"6,39";"6,1";"1943";
"13/10/2016";"6,23";"6,18";"6,23";"6,11";"7003";
"14/10/2016";"6,23";"6,2";"6,27";"6,2";"540";
"17/10/2016";"6,23";"6,23";"6,24";"6,23";"1631";
"18/10/2016";"6,1";"6,22";"6,22";"5,91";"26162";
"19/10/2016";"6,15";"6,11";"6,2";"6,11";"2072";
"20/10/2016";"6,17";"6,15";"6,23";"6,15";"1503";
"21/10/2016";"6,22";"6,2";"6,22";"6,17";"4548";
"24/10/2016";"6,2";"6,21";"6,27";"6,2";"4281";
"25/10/2016";"6,27";"6,23";"6,27";"6,2";"826";
"26/10/2016";"6,23";"6,27";"6,27";"6,2";"1164";
"27/10/2016";"6,16";"6,23";"6,23";"6,15";"3511";
"28/10/2016";"6,23";"6,17";"6,23";"6,12";"11229";
"31/10/2016";"6,1";"6,1";"6,1";"6";"2163";
"01/11/2016";"5,91";"6,09";"6,09";"5,9";"2882";
"02/11/2016";"5,9";"5,91";"5,91";"5,82";"6001";
"03/11/2016";"5,85";"6";"6";"5,85";"1154";
"04/11/2016";"5,85";"5,89";"5,89";"5,73";"2452";
"07/11/2016";"5,74";"5,85";"5,85";"5,72";"840";
"08/11/2016";"5,58";"5,7";"5,7";"5,46";"5332";
"09/11/2016";"5,37";"5,43";"5,48";"5,21";"13788";
"10/11/2016";"5,29";"5,22";"5,3";"5,2";"3347";
"11/11/2016";"5,21";"5,28";"5,28";"5,15";"3617";
"14/11/2016";"4,9";"5,19";"5,19";"4,8";"22627";
"15/11/2016";"4,86";"4,91";"4,99";"4,86";"1933";
"16/11/2016";"4,7";"4,87";"4,95";"4,6";"13665";
"17/11/2016";"4,7";"4,7";"4,84";"4,68";"18694";
"18/11/2016";"4,6";"4,65";"4,7";"4,6";"5762";
"21/11/2016";"4,5";"4,61";"4,61";"4,5";"4257";
"22/11/2016";"4,6";"4,5";"4,6";"4,4";"4666";
"23/11/2016";"4,5";"4,59";"4,59";"4,44";"3979";
"24/11/2016";"4,48";"4,51";"4,6";"4,46";"6770";
"25/11/2016";"4,55";"4,46";"4,56";"4,46";"4381";
"28/11/2016";"4,6";"4,53";"4,6";"4,5";"5374";
"29/11/2016";"4,5";"4,6";"4,6";"4,49";"6101";
"30/11/2016";"4,5";"4,48";"4,57";"4,45";"4418";
"01/12/2016";"4,5";"4,45";"4,51";"4,45";"11854";
"02/12/2016";"4,52";"4,51";"4,91";"4,47";"18677";
"05/12/2016";"4,49";"4,52";"4,52";"4,4";"5974";
"06/12/2016";"4,43";"4,4";"4,5";"4,37";"4890";
"07/12/2016";"4,43";"4,48";"4,48";"4,35";"3217";
"08/12/2016";"4,3";"4,42";"4,42";"4,21";"14416";
"09/12/2016";"4,15";"4,38";"4,38";"4,12";"11642";
"12/12/2016";"4,15";"4,15";"4,24";"4,15";"5093";
"13/12/2016";"4,14";"4,3";"4,3";"4,14";"7664";
"14/12/2016";"4,28";"4,29";"4,38";"4,12";"26074";
"15/12/2016";"4,32";"4,34";"4,35";"4,25";"5363";
"16/12/2016";"4,28";"4,35";"4,39";"4,28";"3521";
"19/12/2016";"4,43";"4,27";"4,47";"4,27";"5289";
"20/12/2016";"4,39";"4,43";"4,43";"4,26";"7260";
"21/12/2016";"4,35";"4,39";"4,39";"4,31";"2221";
"22/12/2016";"4,34";"4,35";"4,35";"4,27";"1564";
"23/12/2016";"4,3";"4,34";"4,34";"4,26";"1774";
"27/12/2016";"4,36";"4,3";"4,36";"4,3";"16292";
"28/12/2016";"4,49";"4,35";"4,51";"4,35";"4858";
"29/12/2016";"4,5";"4,51";"4,52";"4,4";"4064";
"30/12/2016";"4,48";"4,5";"4,5";"4,41";"3030";
"02/01/2017";"4,47";"4,49";"4,5";"4,43";"3676";
"03/01/2017";"4,5";"4,48";"4,5";"4,45";"3569";
"04/01/2017";"4,65";"4,53";"4,69";"4,5";"6060";
"05/01/2017";"5,25";"4,7";"5,48";"4,69";"36410";
"06/01/2017";"5,17";"5,39";"5,78";"4,91";"27471";
"09/01/2017";"5,04";"5,2";"5,2";"4,95";"5215";
"10/01/2017";"5,2";"5,06";"5,5";"5,05";"23118";
"11/01/2017";"5,02";"5,25";"5,3";"5,01";"16057";
"12/01/2017";"4,89";"5,04";"5,04";"4,8";"7168";
"13/01/2017";"4,8";"4,9";"4,9";"4,74";"8620";
"16/01/2017";"4,73";"4,84";"4,84";"4,65";"6409";
"17/01/2017";"4,65";"4,72";"4,72";"4,65";"2899";
"18/01/2017";"4,75";"4,7";"4,83";"4,51";"12620";
"19/01/2017";"4,84";"4,8";"4,84";"4,8";"5843";
"20/01/2017";"4,85";"4,85";"4,85";"4,75";"3906";
"23/01/2017";"4,85";"4,85";"5,07";"4,85";"7161";
"24/01/2017";"4,93";"5";"5";"4,86";"4141";
"25/01/2017";"4,99";"4,93";"5";"4,93";"3845";
"26/01/2017";"5";"4,99";"5,09";"4,93";"4054";
"27/01/2017";"5";"5";"5,11";"4,98";"6635";
"30/01/2017";"4,9";"5,1";"5,1";"4,9";"6101";
"31/01/2017";"5";"4,92";"5,09";"4,92";"6175";
"01/02/2017";"5,06";"5,09";"5,09";"5";"6257";
"02/02/2017";"5,01";"5,06";"5,06";"4,96";"1385";
"03/02/2017";"4,95";"5,01";"5,02";"4,95";"2736";
"06/02/2017";"4,85";"4,95";"5";"4,85";"5769";
"07/02/2017";"4,85";"4,81";"4,89";"4,81";"4271";
"08/02/2017";"4,84";"4,85";"4,85";"4,8";"6408";
"09/02/2017";"4,82";"4,76";"4,83";"4,7";"2027";
"10/02/2017";"4,75";"4,82";"4,82";"4,7";"1860";
"13/02/2017";"4,81";"4,7";"4,82";"4,7";"889";
"14/02/2017";"4,89";"4,81";"4,9";"4,78";"5183";
"15/02/2017";"4,88";"4,89";"4,98";"4,82";"2393";
"16/02/2017";"4,89";"4,87";"4,89";"4,78";"1701";
"17/02/2017";"4,89";"4,89";"4,89";"4,89";"112";
"20/02/2017";"4,87";"4,85";"4,89";"4,84";"3701";
"21/02/2017";"4,79";"4,87";"4,87";"4,79";"1609";
"22/02/2017";"4,86";"4,81";"4,87";"4,76";"2622";
"23/02/2017";"4,9";"4,86";"4,9";"4,81";"3306";
"24/02/2017";"4,89";"4,89";"4,89";"4,81";"72";
"27/02/2017";"5";"5,05";"5,05";"4,82";"2211";
"28/02/2017";"4,8";"5";"5";"4,75";"4836";
"01/03/2017";"4,82";"4,86";"4,89";"4,76";"1796";
"02/03/2017";"4,77";"4,75";"4,77";"4,46";"8331";
"03/03/2017";"4,68";"4,71";"4,9";"4,51";"5624";
"06/03/2017";"4";"4,55";"4,55";"3,96";"34101";
"07/03/2017";"3,97";"4";"4";"3,59";"26008";
"08/03/2017";"3,88";"3,9";"3,92";"3,71";"9033";
"09/03/2017";"3,86";"3,76";"3,86";"3,74";"2429";
"10/03/2017";"3,84";"3,84";"3,84";"3,75";"467";
"13/03/2017";"3,78";"3,8";"3,8";"3,71";"1064";
"14/03/2017";"3,75";"3,77";"3,78";"3,7";"2807";
"15/03/2017";"3,61";"3,76";"3,76";"3,61";"1825";
"16/03/2017";"3,75";"3,61";"3,85";"3,61";"14148";
"17/03/2017";"3,74";"3,76";"3,76";"3,7";"402";
"20/03/2017";"3,74";"3,7";"3,74";"3,7";"484";
"21/03/2017";"3,73";"3,74";"3,74";"3,73";"2178";
"22/03/2017";"3,73";"3,73";"3,74";"3,66";"1986";
"23/03/2017";"3,65";"3,73";"3,73";"3,63";"1906";
"24/03/2017";"3,68";"3,65";"3,68";"3,63";"536";
"27/03/2017";"3,63";"3,61";"3,63";"3,6";"3874";
"28/03/2017";"3,63";"3,63";"3,67";"3,6";"2652";
"29/03/2017";"3,65";"3,68";"3,68";"3,6";"7966";
"30/03/2017";"3,52";"3,6";"3,64";"3,52";"8848";
"31/03/2017";"3,53";"3,52";"3,53";"3,48";"3589";
"03/04/2017";"3,54";"3,71";"3,71";"3,53";"12747";
"04/04/2017";"3,59";"3,54";"3,59";"3,52";"3393";
"05/04/2017";"3,52";"3,6";"3,6";"3,47";"7709";
"06/04/2017";"3,44";"3,5";"3,5";"3,34";"13725";
"07/04/2017";"3,3";"3,41";"3,41";"3,24";"13920";
"10/04/2017";"3,17";"3,25";"3,28";"3,12";"15933";
"11/04/2017";"3,13";"3,17";"3,17";"3,05";"6910";
"12/04/2017";"3,05";"3,06";"3,12";"3,03";"4345";
"13/04/2017";"3,02";"3";"3,03";"2,97";"6278";
"18/04/2017";"2,9";"2,99";"2,99";"2,9";"3449";
"19/04/2017";"2,67";"2,92";"2,92";"2,67";"23821";
"20/04/2017";"2,6";"2,55";"2,61";"2,52";"11729";
"21/04/2017";"2,64";"2,6";"2,65";"2,55";"9465";
"24/04/2017";"2,75";"2,72";"2,89";"2,62";"9477";
"25/04/2017";"2,75";"2,75";"2,76";"2,71";"4136";
"26/04/2017";"2,71";"2,75";"2,75";"2,66";"3475";
"27/04/2017";"2,75";"2,71";"2,8";"2,7";"17919";
"28/04/2017";"3,08";"2,75";"3,08";"2,75";"32017";
"02/05/2017";"2,99";"3,05";"3,05";"2,86";"28278";
"03/05/2017";"2,9";"2,97";"2,97";"2,7";"29806";
"04/05/2017";"2,9";"2,88";"2,92";"2,82";"7823";
"05/05/2017";"2,9";"2,87";"2,9";"2,83";"3827";
"08/05/2017";"2,89";"2,86";"2,9";"2,82";"10455";
"09/05/2017";"2,84";"2,9";"2,9";"2,77";"22074";
"10/05/2017";"3,78";"3,38";"4,48";"3,27";"864229";
"11/05/2017";"3,64";"3,9";"3,9";"3,51";"96939";
"12/05/2017";"3,55";"3,59";"3,62";"3,44";"52767";
"15/05/2017";"3,56";"3,6";"3,69";"3,51";"41753";
"16/05/2017";"3,48";"3,54";"3,54";"3,4";"24047";
"17/05/2017";"3,37";"3,48";"3,48";"3,32";"21595";
"18/05/2017";"3,21";"3,36";"3,37";"3,16";"38858";
"19/05/2017";"3,23";"3,22";"3,33";"3,1";"86052";
"22/05/2017";"3,2";"3,22";"3,25";"3,15";"18444";
"23/05/2017";"3,72";"3,65";"4,37";"3,65";"722395";
"24/05/2017";"3,59";"3,83";"3,83";"3,45";"108001";
"25/05/2017";"3,51";"3,5";"3,54";"3,42";"42727";
"26/05/2017";"3,69";"3,53";"3,76";"3,53";"64128";
"29/05/2017";"3,91";"3,87";"4,04";"3,78";"172097";
"30/05/2017";"3,98";"3,94";"4,03";"3,82";"52322";
"31/05/2017";"4,11";"3,96";"4,11";"3,9";"95010";
"01/06/2017";"4,53";"4,17";"4,58";"4,05";"90237";
"02/06/2017";"5,09";"4,41";"5,45";"4,34";"248131";
"05/06/2017";"5";"5,25";"5,25";"4,81";"68437";
"06/06/2017";"4,63";"4,84";"4,97";"4,5";"78878";
"07/06/2017";"4,28";"4,57";"4,63";"4,16";"104053";
"08/06/2017";"4,24";"4,23";"4,45";"4,05";"115375";
"09/06/2017";"4,26";"4,4";"4,4";"4,07";"27616";
"12/06/2017";"4,2";"4,28";"4,28";"4,08";"31986";
"13/06/2017";"4,07";"4,24";"4,24";"3,95";"25502";
"14/06/2017";"4,14";"3,97";"4,24";"3,97";"27441";
"15/06/2017";"4,08";"4,15";"4,15";"3,98";"9316";
"16/06/2017";"4,15";"4,08";"4,2";"4,08";"10640";
"19/06/2017";"4,2";"4,55";"4,68";"4,19";"154685";
"20/06/2017";"4,21";"4,19";"4,35";"4,07";"44906";
"21/06/2017";"4,19";"4,29";"4,29";"4,09";"13804";
"22/06/2017";"4,16";"4,19";"4,19";"4,08";"9097";
"23/06/2017";"3,96";"4,15";"4,16";"3,85";"42300";
"26/06/2017";"4,03";"4,06";"4,12";"3,81";"17211";
"27/06/2017";"4,1";"4,04";"4,1";"3,9";"20928";
"28/06/2017";"4,07";"4,09";"4,1";"3,93";"15114";
"29/06/2017";"4,03";"4,11";"4,11";"3,93";"6359";
"30/06/2017";"3,99";"4,02";"4,09";"3,9";"8612";
"03/07/2017";"3,9";"4";"4,02";"3,9";"11625";
"04/07/2017";"4";"4,01";"4,17";"4";"33349";
"05/07/2017";"3,99";"4,01";"4,01";"3,88";"22207";
"06/07/2017";"3,88";"3,99";"4,01";"3,88";"22411";
"07/07/2017";"3,86";"3,86";"3,98";"3,82";"8935";
"10/07/2017";"3,85";"3,88";"3,88";"3,83";"2886";
"11/07/2017";"3,74";"3,85";"3,85";"3,68";"39449";
"12/07/2017";"3,75";"3,84";"3,89";"3,68";"27267";
"13/07/2017";"3,76";"3,76";"3,76";"3,65";"11123";
"14/07/2017";"3,74";"3,75";"3,75";"3,67";"386";
"17/07/2017";"3,76";"3,74";"3,76";"3,67";"2735";
"18/07/2017";"3,7";"3,74";"3,74";"3,67";"3529";
"19/07/2017";"3,68";"3,69";"3,72";"3,64";"4039";
"20/07/2017";"3,56";"3,68";"3,68";"3,56";"10923";
"21/07/2017";"3,52";"3,55";"3,6";"3,48";"14874";
"24/07/2017";"3,47";"3,36";"3,52";"3,3";"16007";
"25/07/2017";"3,43";"3,35";"3,49";"3,35";"8639";
"26/07/2017";"3,34";"3,3";"3,4";"3,2";"15894";
"27/07/2017";"3,41";"3,28";"3,41";"3,19";"22741";
"28/07/2017";"3,24";"3,35";"3,35";"3,06";"31778";
"31/07/2017";"3,15";"3,15";"3,18";"2,9";"20590";
"01/08/2017";"3,06";"3,03";"3,11";"2,9";"26757";
"02/08/2017";"2,96";"3,07";"3,07";"2,9";"15889";
"03/08/2017";"2,98";"2,97";"2,98";"2,91";"4044";
"04/08/2017";"3";"2,97";"3";"2,96";"13022";
"07/08/2017";"3,04";"3";"3,05";"3";"6981";
"08/08/2017";"3,04";"2,98";"3,05";"2,92";"11447";
"09/08/2017";"2,91";"3,01";"3,01";"2,9";"9034";
"10/08/2017";"2,91";"2,92";"2,95";"2,9";"8407";
"11/08/2017";"2,95";"2,91";"2,97";"2,89";"7041";
"14/08/2017";"2,94";"2,9";"2,94";"2,9";"4658";
"15/08/2017";"2,92";"2,93";"2,95";"2,89";"5654";
"16/08/2017";"3,03";"2,92";"3,14";"2,91";"15100";
"17/08/2017";"3";"3,03";"3,07";"3";"4121";
"18/08/2017";"3";"3";"3,04";"2,93";"4954";
"21/08/2017";"2,99";"3,05";"3,05";"2,92";"12638";
"22/08/2017";"2,85";"2,99";"3";"2,8";"19373";
"23/08/2017";"2,89";"2,82";"2,89";"2,79";"14095";
"24/08/2017";"2,88";"2,89";"2,99";"2,81";"8043";
"25/08/2017";"2,89";"2,9";"2,93";"2,77";"12075";
"28/08/2017";"2,85";"2,87";"2,9";"2,82";"6382";
"29/08/2017";"2,8";"2,83";"2,85";"2,79";"8318";
"30/08/2017";"2,8";"2,8";"2,84";"2,77";"2609";
"31/08/2017";"2,76";"2,75";"2,79";"2,72";"8496";
"01/09/2017";"2,74";"2,8";"2,8";"2,7";"9494";
"04/09/2017";"2,71";"2,73";"2,73";"2,65";"10565";
"05/09/2017";"2,66";"2,73";"2,79";"2,63";"9407";
"06/09/2017";"2,58";"2,66";"2,66";"2,57";"21677";
"07/09/2017";"2,44";"2,57";"2,57";"2,33";"49083";
"08/09/2017";"2,72";"2,4";"2,85";"2,4";"61363";
"11/09/2017";"2,68";"2,74";"2,8";"2,63";"20368";
"12/09/2017";"2,67";"2,69";"2,69";"2,6";"4853";
"13/09/2017";"2,62";"2,63";"2,68";"2,6";"21108";
"14/09/2017";"2,53";"2,62";"2,62";"2,5";"20812";
"15/09/2017";"2,5";"2,55";"2,57";"2,45";"14170";
"18/09/2017";"2,45";"2,5";"2,51";"2,4";"33076";
"19/09/2017";"2,44";"2,44";"2,44";"2,37";"6578";
"20/09/2017";"2,41";"2,41";"2,42";"2,39";"6169";
"21/09/2017";"2,4";"2,41";"2,48";"2,3";"33123";
"22/09/2017";"2,5";"2,43";"2,57";"2,43";"23078";
"25/09/2017";"2,53";"2,55";"2,61";"2,5";"14971";
"26/09/2017";"2,46";"2,51";"2,56";"2,43";"16934";
"27/09/2017";"2,45";"2,5";"2,51";"2,37";"30418";
"28/09/2017";"2,48";"2,46";"2,5";"2,42";"8631";
"29/09/2017";"2,47";"2,48";"2,48";"2,43";"3147";
"02/10/2017";"2,4";"2,45";"2,46";"2,37";"17040";
"03/10/2017";"2,39";"2,41";"2,42";"2,36";"12611";
"04/10/2017";"2,36";"2,36";"2,38";"2,35";"6613";
"05/10/2017";"2,36";"2,36";"2,37";"2,35";"4973";
"06/10/2017";"2,33";"2,35";"2,36";"2,29";"40236";
"09/10/2017";"2,32";"2,34";"2,34";"2,25";"32321";
"10/10/2017";"2,47";"2,31";"2,54";"2,27";"71126";
"11/10/2017";"3,07";"2,55";"3,08";"2,5";"360742";
"12/10/2017";"3,03";"3,45";"3,59";"3,03";"362586";
"13/10/2017";"2,97";"3,04";"3,08";"2,9";"72146";
"16/10/2017";"3";"2,92";"3,16";"2,92";"88139";
"17/10/2017";"3,23";"3,04";"3,36";"3,03";"189804";
"18/10/2017";"3,34";"3,4";"3,59";"3,22";"247631";
"19/10/2017";"3,2";"3,45";"3,55";"3,11";"156759";
"20/10/2017";"3,2";"3,2";"3,28";"3,16";"55787";
"23/10/2017";"2,88";"3,16";"3,24";"2,85";"124115";
"24/10/2017";"2,98";"2,96";"3,15";"2,89";"112520";
"25/10/2017";"3,08";"3,06";"3,14";"2,98";"100444";
"26/10/2017";"2,97";"3,07";"3,07";"2,9";"57035";
"27/10/2017";"3";"3,11";"3,11";"2,99";"59348";
"30/10/2017";"2,93";"2,98";"3,03";"2,89";"37827";
"31/10/2017";"2,86";"2,93";"2,93";"2,81";"36228";
"01/11/2017";"2,86";"2,85";"2,87";"2,8";"30576";
"02/11/2017";"2,76";"2,81";"2,82";"2,73";"47133";
"03/11/2017";"2,71";"2,75";"2,75";"2,67";"38151";
"06/11/2017";"3,54";"2,8";"3,71";"2,8";"431588";
"07/11/2017";"3,37";"3,6";"3,8";"3,37";"178441";
"08/11/2017";"3,77";"3,44";"3,9";"3,44";"202775";
"09/11/2017";"3,58";"3,74";"3,9";"3,5";"127207";
"10/11/2017";"3,66";"3,75";"3,85";"3,61";"66638";
"13/11/2017";"3,65";"3,77";"3,84";"3,6";"44278";
"14/11/2017";"3,41";"3,69";"3,69";"3,38";"37375";
"15/11/2017";"3,2";"3,39";"3,4";"3,06";"73914";
"16/11/2017";"3,41";"3,2";"3,75";"3,19";"81968";
"17/11/2017";"3,63";"3,56";"3,67";"3,47";"42000";
"20/11/2017";"3,69";"3,69";"3,75";"3,57";"33798";
"21/11/2017";"3,6";"3,69";"3,69";"3,56";"15240";
"22/11/2017";"3,6";"3,6";"3,69";"3,56";"12012";
"23/11/2017";"3,55";"3,55";"3,55";"3,45";"15897";
"24/11/2017";"3,28";"3,54";"3,54";"3,24";"59696";
"27/11/2017";"3,36";"3,4";"3,47";"3,28";"63393";
"28/11/2017";"3,35";"3,3";"3,38";"3,3";"8575";
"29/11/2017";"3,23";"3,35";"3,4";"3,18";"37123";
"30/11/2017";"3,26";"3,25";"3,37";"3,2";"19079";
"01/12/2017";"3,34";"3,33";"3,34";"3,27";"8661";
"04/12/2017";"3,36";"3,36";"3,42";"3,35";"19938";
"05/12/2017";"3,33";"3,35";"3,38";"3,3";"13970";
"06/12/2017";"3,3";"3,34";"3,34";"3,21";"15970";
"07/12/2017";"3,29";"3,25";"3,29";"3,23";"5128";
"08/12/2017";"3,17";"3,29";"3,29";"3,14";"21090";
"11/12/2017";"3,41";"3,28";"3,41";"3,24";"49319";
"12/12/2017";"3,43";"3,41";"3,49";"3,35";"19232";
"13/12/2017";"3,39";"3,42";"3,43";"3,31";"16178";
"14/12/2017";"3,35";"3,4";"3,4";"3,25";"21909";
"15/12/2017";"3,31";"3,3";"3,34";"3,27";"4025";
"18/12/2017";"3,29";"3,32";"3,34";"3,27";"3241";
"19/12/2017";"3,34";"3,31";"3,35";"3,3";"9514";
"20/12/2017";"3,22";"3,34";"3,34";"3,12";"44498";
"21/12/2017";"3,15";"3,17";"3,17";"3,01";"32471";
"22/12/2017";"3,06";"3,11";"3,12";"3,05";"20001";
"27/12/2017";"3,21";"3,06";"3,3";"3,02";"52919";
"28/12/2017";"3,4";"3,15";"3,47";"3,15";"38216";
"29/12/2017";"3,35";"3,41";"3,48";"3,35";"32444";
"02/01/2018";"3,295";"3,47";"3,47";"3,24";"24455";
"03/01/2018";"3,305";"3,33";"3,34";"3,29";"22169";
"04/01/2018";"3,36";"3,3";"3,37";"3,295";"39340";
"05/01/2018";"3,52";"3,435";"3,65";"3,4";"77579";
"08/01/2018";"3,65";"3,62";"3,7";"3,6";"51444";
"09/01/2018";"3,65";"3,7";"3,84";"3,65";"67224";
"10/01/2018";"3,58";"3,75";"3,77";"3,58";"54101";
"11/01/2018";"3,545";"3,605";"3,7";"3,5";"35527";
"12/01/2018";"3,46";"3,5";"3,51";"3,45";"27733";
"15/01/2018";"3,425";"3,54";"3,54";"3,31";"36610";
"16/01/2018";"3,335";"3,4";"3,4";"3,27";"48625";


